timestamp,frame_id,hand_id,hand_type,confidence,palm_x,palm_y,palm_z,palm_normal_x,palm_normal_y,palm_normal_z,palm_velocity_x,palm_velocity_y,palm_velocity_z,grab_strength,pinch_strength,pinch_distance,thumb_extended,index_extended,middle_extended,ring_extended,pinky_extended,thumb_tip_x,thumb_tip_y,thumb_tip_z,index_tip_x,index_tip_y,index_tip_z,gesture_type,sequence_id,recording_timestamp,video_file_path,performance_actual_fps,performance_total_frames,performance_target_fps,performance_quality,performance_mode,video_recording_time
2025-11-18 11:49:55.689889,1,69,HandType.Left,0.7813565135002136,-163.68002319335938,192.22898864746094,-83.75897216796875,0.15661096572875977,-0.9876466393470764,-0.005203370936214924,0.6024996042251587,-5.107501983642578,3.6666877269744873,0.0,0.0,66.73934173583984,1,1,1,1,1,-100.41849517822266,160.55091857910156,-59.6597785949707,-93.76713562011719,181.1057586669922,-141.06463623046875,grab,21,2025-11-18T11:49:55.689889,my_hand_data\videos\grab_seq21_20251118_114955_658448.avi,89.7759887083643,360,90,HIGH,VIDEO_RECORDING,2025-11-18T11:49:59.738280
2025-11-18 11:49:55.697101,2,69,HandType.Left,0.7814311981201172,-163.6615447998047,192.17715454101562,-83.73497009277344,0.15625301003456116,-0.987708330154419,-0.004159644711762667,1.7159042358398438,-4.812594413757324,2.228440999984741,0.0,0.0,66.79891204833984,1,1,1,1,1,-100.41218566894531,160.42247009277344,-59.550132751464844,-93.7282485961914,180.9924774169922,-141.0235595703125,grab,21,2025-11-18T11:49:55.697101,my_hand_data\videos\grab_seq21_20251118_114955_658448.avi,89.7759887083643,360,90,HIGH,VIDEO_RECORDING,2025-11-18T11:49:59.738280
2025-11-18 11:49:55.721632,3,69,HandType.Left,0.7811684012413025,-163.49826049804688,192.0429229736328,-83.76388549804688,0.1547570526599884,-0.9879493713378906,-0.0025194338522851467,8.845364570617676,-7.392434597015381,-2.1486709117889404,0.0,0.0,67.14398193359375,1,1,1,1,1,-100.2691879272461,160.03497314453125,-59.09031677246094,-93.51676177978516,180.75050354003906,-141.03286743164062,grab,21,2025-11-18T11:49:55.721632,my_hand_data\videos\grab_seq21_20251118_114955_658448.avi,89.7759887083643,360,90,HIGH,VIDEO_RECORDING,2025-11-18T11:49:59.738280
2025-11-18 11:49:55.721632,4,69,HandType.Left,0.7811684012413025,-163.49826049804688,192.0429229736328,-83.76388549804688,0.1547570526599884,-0.9879493713378906,-0.0025194338522851467,8.845364570617676,-7.392434597015381,-2.1486709117889404,0.0,0.0,67.14398193359375,1,1,1,1,1,-100.2691879272461,160.03497314453125,-59.09031677246094,-93.51676177978516,180.75050354003906,-141.03286743164062,grab,21,2025-11-18T11:49:55.721632,my_hand_data\videos\grab_seq21_20251118_114955_658448.avi,89.7759887083643,360,90,HIGH,VIDEO_RECORDING,2025-11-18T11:49:59.738280
2025-11-18 11:49:55.730623,5,69,HandType.Left,0.7815329432487488,-163.3843994140625,191.9268798828125,-83.76649475097656,0.15383633971214294,-0.988094687461853,-0.0018045016331598163,10.194544792175293,-10.3905668258667,-0.23324599862098694,0.0,0.0,67.46378326416016,1,1,1,1,1,-100.21361541748047,159.65248107910156,-58.69712829589844,-93.3865966796875,180.59933471679688,-141.01121520996094,grab,21,2025-11-18T11:49:55.730623,my_hand_data\videos\grab_seq21_20251118_114955_658448.avi,89.7759887083643,360,90,HIGH,VIDEO_RECORDING,2025-11-18T11:49:59.738280
2025-11-18 11:49:55.753265,6,69,HandType.Left,0.7815394997596741,-163.1771697998047,191.6761016845703,-83.7661361694336,0.15142349898815155,-0.9884688258171082,-0.0005175682017579675,9.653162956237793,-12.987991333007812,1.3396673202514648,0.0,0.0,68.46812438964844,1,1,1,1,1,-99.98883056640625,158.60067749023438,-57.50274658203125,-93.07255554199219,180.3577880859375,-140.91741943359375,grab,21,2025-11-18T11:49:55.753265,my_hand_data\videos\grab_seq21_20251118_114955_658448.avi,89.7759887083643,360,90,HIGH,VIDEO_RECORDING,2025-11-18T11:49:59.738280
2025-11-18 11:49:55.757730,7,69,HandType.Left,0.7815394997596741,-163.1771697998047,191.6761016845703,-83.7661361694336,0.15142349898815155,-0.9884688258171082,-0.0005175682017579675,9.653162956237793,-12.987991333007812,1.3396673202514648,0.0,0.0,68.46812438964844,1,1,1,1,1,-99.98883056640625,158.60067749023438,-57.50274658203125,-93.07255554199219,180.3577880859375,-140.91741943359375,grab,21,2025-11-18T11:49:55.757730,my_hand_data\videos\grab_seq21_20251118_114955_658448.avi,89.7759887083643,360,90,HIGH,VIDEO_RECORDING,2025-11-18T11:49:59.738280
2025-11-18 11:49:55.761755,8,69,HandType.Left,0.7816847562789917,-163.0709228515625,191.4930877685547,-83.73407745361328,0.14960037171840668,-0.9887465238571167,0.0001162540283985436,9.606146812438965,-16.54781723022461,2.8985745906829834,0.0,0.0,68.91028594970703,1,1,1,1,1,-99.85780334472656,158.11581420898438,-56.903106689453125,-92.9105224609375,180.1792755126953,-140.84228515625,grab,21,2025-11-18T11:49:55.761755,my_hand_data\videos\grab_seq21_20251118_114955_658448.avi,89.7759887083643,360,90,HIGH,VIDEO_RECORDING,2025-11-18T11:49:59.738280
2025-11-18 11:49:55.784933,9,69,HandType.Left,0.7817070484161377,-162.97738647460938,191.2882537841797,-83.70103454589844,0.14870916306972504,-0.9888808131217957,0.00053352618124336,8.331416130065918,-18.24250602722168,2.9426040649414062,0.0,0.0,69.35664367675781,1,1,1,1,1,-99.68603515625,157.58351135253906,-56.3323974609375,-92.747802734375,179.9741668701172,-140.77590942382812,grab,21,2025-11-18T11:49:55.784933,my_hand_data\videos\grab_seq21_20251118_114955_658448.avi,89.7759887083643,360,90,HIGH,VIDEO_RECORDING,2025-11-18T11:49:59.738280
2025-11-18 11:49:55.788951,10,69,HandType.Left,0.781760036945343,-162.8979949951172,191.1304473876953,-83.7154541015625,0.14722786843776703,-0.9891021251678467,0.0009464905015192926,7.335635185241699,-14.5802583694458,-1.3319321870803833,0.0,0.0,69.66814422607422,1,1,1,1,1,-99.48040771484375,157.2364959716797,-55.97066116333008,-92.6244125366211,179.83119201660156,-140.7578887939453,grab,21,2025-11-18T11:49:55.788951,my_hand_data\videos\grab_seq21_20251118_114955_658448.avi,89.7759887083643,360,90,HIGH,VIDEO_RECORDING,2025-11-18T11:49:59.738280
2025-11-18 11:49:55.796998,11,69,HandType.Left,0.781760036945343,-162.8979949951172,191.1304473876953,-83.7154541015625,0.14722786843776703,-0.9891021251678467,0.0009464905015192926,7.335635185241699,-14.5802583694458,-1.3319321870803833,0.0,0.0,69.66814422607422,1,1,1,1,1,-99.48040771484375,157.2364959716797,-55.97066116333008,-92.6244125366211,179.83119201660156,-140.7578887939453,grab,21,2025-11-18T11:49:55.796998,my_hand_data\videos\grab_seq21_20251118_114955_658448.avi,89.7759887083643,360,90,HIGH,VIDEO_RECORDING,2025-11-18T11:49:59.738280
2025-11-18 11:49:55.816198,12,69,HandType.Left,0.781893789768219,-162.81748962402344,190.88673400878906,-83.81995391845703,0.1445191204547882,-0.9895001649856567,0.001897738198749721,4.18494176864624,-10.095259666442871,-4.903018951416016,0.0,0.0,70.02124786376953,1,1,1,1,1,-99.28488159179688,156.82774353027344,-55.56488037109375,-92.44403076171875,179.57684326171875,-140.73062133789062,grab,21,2025-11-18T11:49:55.816198,my_hand_data\videos\grab_seq21_20251118_114955_658448.avi,89.7759887083643,360,90,HIGH,VIDEO_RECORDING,2025-11-18T11:49:59.738280
2025-11-18 11:49:55.820381,13,69,HandType.Left,0.7821516990661621,-162.85350036621094,190.8406524658203,-83.90245056152344,0.14311565458774567,-0.9897021055221558,0.0027626415248960257,-3.2363121509552,-4.141177654266357,-7.413653373718262,0.0,0.0,70.27498626708984,1,1,1,1,1,-99.22622680664062,156.56234741210938,-55.377899169921875,-92.44190216064453,179.55126953125,-140.785888671875,grab,21,2025-11-18T11:49:55.820381,my_hand_data\videos\grab_seq21_20251118_114955_658448.avi,89.7759887083643,360,90,HIGH,VIDEO_RECORDING,2025-11-18T11:49:59.738280
2025-11-18 11:49:55.832314,14,69,HandType.Left,0.7824705243110657,-162.89540100097656,190.78733825683594,-83.96929931640625,0.1427440494298935,-0.9897535443305969,0.003479558741673827,-3.5739893913269043,-4.548058032989502,-5.703437328338623,0.0,0.0,70.46063995361328,1,1,1,1,1,-99.13719940185547,156.3473358154297,-55.26113510131836,-92.46134948730469,179.51300048828125,-140.81272888183594,grab,21,2025-11-18T11:49:55.832314,my_hand_data\videos\grab_seq21_20251118_114955_658448.avi,89.7759887083643,360,90,HIGH,VIDEO_RECORDING,2025-11-18T11:49:59.738280
2025-11-18 11:49:55.847992,15,69,HandType.Left,0.7829943299293518,-162.9599609375,190.7568359375,-84.08264923095703,0.1421695500612259,-0.9898325204849243,0.0044006528332829475,-5.868508815765381,-2.772307872772217,-10.304441452026367,0.0,0.0,70.56309509277344,1,1,1,1,1,-99.02161407470703,156.31190490722656,-55.20797348022461,-92.5038833618164,179.5308380126953,-140.86917114257812,grab,21,2025-11-18T11:49:55.847992,my_hand_data\videos\grab_seq21_20251118_114955_658448.avi,89.7759887083643,360,90,HIGH,VIDEO_RECORDING,2025-11-18T11:49:59.738280
2025-11-18 11:49:55.847992,16,69,HandType.Left,0.7836995720863342,-162.99327087402344,190.72256469726562,-84.23231506347656,0.1423248052597046,-0.9898044466972351,0.00554697448387742,-3.0334763526916504,-3.1204068660736084,-13.62440013885498,0.0,0.0,70.8165283203125,1,1,1,1,1,-98.85892486572266,156.18775939941406,-55.01720428466797,-92.47541809082031,179.5067138671875,-140.92921447753906,grab,21,2025-11-18T11:49:55.847992,my_hand_data\videos\grab_seq21_20251118_114955_658448.avi,89.7759887083643,360,90,HIGH,VIDEO_RECORDING,2025-11-18T11:49:59.738280
2025-11-18 11:49:55.863819,17,69,HandType.Left,0.7847115397453308,-163.0092010498047,190.68017578125,-84.42514038085938,0.14175255596637726,-0.9898823499679565,0.006259221117943525,-1.4440985918045044,-3.842574119567871,-17.48046875,0.0,0.0,71.13594818115234,1,1,1,1,1,-98.65657043457031,156.12466430664062,-54.77155685424805,-92.45667266845703,179.59181213378906,-141.0834197998047,grab,21,2025-11-18T11:49:55.863819,my_hand_data\videos\grab_seq21_20251118_114955_658448.avi,89.7759887083643,360,90,HIGH,VIDEO_RECORDING,2025-11-18T11:49:59.738280
2025-11-18 11:49:55.879529,18,69,HandType.Left,0.7864840626716614,-163.0362091064453,190.64208984375,-84.64396667480469,0.1414976865053177,-0.9899160861968994,0.006673538591712713,-2.39330792427063,-3.376150131225586,-19.399492263793945,0.0,0.0,71.5296630859375,1,1,1,1,1,-98.44477844238281,155.92010498046875,-54.441715240478516,-92.37751007080078,179.53619384765625,-140.9508056640625,grab,21,2025-11-18T11:49:55.879529,my_hand_data\videos\grab_seq21_20251118_114955_658448.avi,89.7759887083643,360,90,HIGH,VIDEO_RECORDING,2025-11-18T11:49:59.738280
2025-11-18 11:49:55.895226,19,69,HandType.Left,0.7892582416534424,-162.91578674316406,190.45445251464844,-85.07816314697266,0.14028047025203705,-0.9900829792022705,0.007553999312222004,6.887326240539551,-9.180810928344727,-20.04808235168457,0.0,0.0,72.50996398925781,1,1,1,1,1,-97.8037338256836,155.5886688232422,-53.38107681274414,-92.18006896972656,179.3764190673828,-141.11871337890625,grab,21,2025-11-18T11:49:55.895226,my_hand_data\videos\grab_seq21_20251118_114955_658448.avi,89.7759887083643,360,90,HIGH,VIDEO_RECORDING,2025-11-18T11:49:59.738280
2025-11-18 11:49:55.899573,20,69,HandType.Left,0.7892582416534424,-162.91578674316406,190.45445251464844,-85.07816314697266,0.14028047025203705,-0.9900829792022705,0.007553999312222004,6.887326240539551,-9.180810928344727,-20.04808235168457,0.0,0.0,72.50996398925781,1,1,1,1,1,-97.8037338256836,155.5886688232422,-53.38107681274414,-92.18006896972656,179.3764190673828,-141.11871337890625,grab,21,2025-11-18T11:49:55.899573,my_hand_data\videos\grab_seq21_20251118_114955_658448.avi,89.7759887083643,360,90,HIGH,VIDEO_RECORDING,2025-11-18T11:49:59.738280
2025-11-18 11:49:55.911352,21,69,HandType.Left,0.7909486293792725,-162.81686401367188,190.3102569580078,-85.24868774414062,0.1398438960313797,-0.9901357293128967,0.008653488010168076,8.740744590759277,-12.741021156311035,-15.066468238830566,0.0,0.0,72.91607666015625,1,1,1,1,1,-97.36204528808594,155.5545654296875,-52.7497444152832,-92.04871368408203,179.2423858642578,-141.2012176513672,grab,21,2025-11-18T11:49:55.911352,my_hand_data\videos\grab_seq21_20251118_114955_658448.avi,89.7759887083643,360,90,HIGH,VIDEO_RECORDING,2025-11-18T11:49:59.738280
2025-11-18 11:49:55.927135,22,69,HandType.Left,0.792003333568573,-162.71817016601562,190.13291931152344,-85.37301635742188,0.13905510306358337,-0.9902306795120239,0.010339739732444286,8.968337059020996,-16.11547088623047,-11.298827171325684,0.0,0.0,73.21721649169922,1,1,1,1,1,-97.01219940185547,155.57473754882812,-52.22457504272461,-91.917724609375,179.07640075683594,-141.23150634765625,grab,21,2025-11-18T11:49:55.927135,my_hand_data\videos\grab_seq21_20251118_114955_658448.avi,89.7759887083643,360,90,HIGH,VIDEO_RECORDING,2025-11-18T11:49:59.738280
2025-11-18 11:49:55.927135,23,69,HandType.Left,0.7927798628807068,-162.59873962402344,189.93008422851562,-85.46330261230469,0.13833864033222198,-0.9903061985969543,0.012493031099438667,10.843329429626465,-18.41512680053711,-8.196610450744629,0.0,0.0,73.3741226196289,1,1,1,1,1,-96.65489196777344,155.61279296875,-51.852413177490234,-91.80116271972656,178.9008026123047,-141.27220153808594,grab,21,2025-11-18T11:49:55.927135,my_hand_data\videos\grab_seq21_20251118_114955_658448.avi,89.7759887083643,360,90,HIGH,VIDEO_RECORDING,2025-11-18T11:49:59.738280
2025-11-18 11:49:55.943159,24,69,HandType.Left,0.7937992215156555,-162.4525909423828,189.6735382080078,-85.49359893798828,0.13781601190567017,-0.9903530478477478,0.014406281523406506,12.942509651184082,-22.71892547607422,-2.682821750640869,0.0,0.0,73.51990509033203,1,1,1,1,1,-96.31515502929688,155.5956573486328,-51.43235778808594,-91.66758728027344,178.72915649414062,-141.2747039794922,grab,21,2025-11-18T11:49:55.943159,my_hand_data\videos\grab_seq21_20251118_114955_658448.avi,89.7759887083643,360,90,HIGH,VIDEO_RECORDING,2025-11-18T11:49:59.738280
2025-11-18 11:49:55.959022,25,69,HandType.Left,0.7940603494644165,-162.3112030029297,189.4470672607422,-85.50727081298828,0.1369854360818863,-0.9904443621635437,0.015966882929205894,12.775053977966309,-20.462966918945312,-1.2355003356933594,0.0,0.0,73.66434478759766,1,1,1,1,1,-96.06121063232422,155.6143035888672,-51.04038619995117,-91.53411102294922,178.54571533203125,-141.25933837890625,grab,21,2025-11-18T11:49:55.959022,my_hand_data\videos\grab_seq21_20251118_114955_658448.avi,89.7759887083643,360,90,HIGH,VIDEO_RECORDING,2025-11-18T11:49:59.738280
2025-11-18 11:49:55.959885,26,69,HandType.Left,0.7945788502693176,-162.1173858642578,189.19827270507812,-85.49900817871094,0.13514475524425507,-0.9906840324401855,0.016763795167207718,17.76228141784668,-22.80047035217285,0.7576041221618652,0.0,0.0,73.85078430175781,1,1,1,1,1,-95.79679870605469,155.5343475341797,-50.63545227050781,-91.36557006835938,178.4899139404297,-141.28204345703125,grab,21,2025-11-18T11:49:55.959885,my_hand_data\videos\grab_seq21_20251118_114955_658448.avi,89.7759887083643,360,90,HIGH,VIDEO_RECORDING,2025-11-18T11:49:59.738280
2025-11-18 11:49:55.990626,27,69,HandType.Left,0.7951908111572266,-161.7064666748047,188.73287963867188,-85.5257568359375,0.13388921320438385,-0.9907887578010559,0.020281808450818062,20.22943878173828,-22.343889236450195,-0.33415547013282776,0.0,0.0,74.39921569824219,1,1,1,1,1,-95.42129516601562,155.0921173095703,-49.789546966552734,-90.94542694091797,178.15516662597656,-141.21556091308594,grab,21,2025-11-18T11:49:55.990626,my_hand_data\videos\grab_seq21_20251118_114955_658448.avi,89.7759887083643,360,90,HIGH,VIDEO_RECORDING,2025-11-18T11:49:59.738280
2025-11-18 11:49:55.993016,28,69,HandType.Left,0.7955387830734253,-161.48715209960938,188.49295043945312,-85.56339263916016,0.13219311833381653,-0.9909853339195251,0.02174910344183445,19.959997177124023,-21.835914611816406,-3.4250831604003906,0.0,0.0,74.74552154541016,1,1,1,1,1,-95.23767852783203,154.66036987304688,-49.3626823425293,-90.70262908935547,178.0496063232422,-141.21261596679688,grab,21,2025-11-18T11:49:55.993016,my_hand_data\videos\grab_seq21_20251118_114955_658448.avi,89.7759887083643,360,90,HIGH,VIDEO_RECORDING,2025-11-18T11:49:59.738280
2025-11-18 11:49:55.993016,29,69,HandType.Left,0.7955387830734253,-161.48715209960938,188.49295043945312,-85.56339263916016,0.13219311833381653,-0.9909853339195251,0.02174910344183445,19.959997177124023,-21.835914611816406,-3.4250831604003906,0.0,0.0,74.74552154541016,1,1,1,1,1,-95.23767852783203,154.66036987304688,-49.3626823425293,-90.70262908935547,178.0496063232422,-141.21261596679688,grab,21,2025-11-18T11:49:55.993016,my_hand_data\videos\grab_seq21_20251118_114955_658448.avi,89.7759887083643,360,90,HIGH,VIDEO_RECORDING,2025-11-18T11:49:59.738280
2025-11-18 11:49:56.008306,30,69,HandType.Left,0.7957435846328735,-161.32765197753906,188.3419647216797,-85.69981384277344,0.13040724396705627,-0.9911976456642151,0.022828303277492523,14.370088577270508,-13.603583335876465,-12.29111385345459,0.0,0.0,75.04963684082031,1,1,1,1,1,-95.09303283691406,154.3818359375,-49.06296157836914,-90.50099182128906,177.90594482421875,-141.24815368652344,grab,21,2025-11-18T11:49:56.008306,my_hand_data\videos\grab_seq21_20251118_114955_658448.avi,89.7759887083643,360,90,HIGH,VIDEO_RECORDING,2025-11-18T11:49:59.738280
2025-11-18 11:49:56.022372,31,69,HandType.Left,0.7961627244949341,-161.13699340820312,188.16903686523438,-85.76278686523438,0.12920163571834564,-0.9913241863250732,0.024151775985956192,16.952880859375,-15.374897003173828,-5.599368095397949,0.0,0.0,75.34718322753906,1,1,1,1,1,-94.89817810058594,154.0762481689453,-48.659881591796875,-90.29490661621094,177.7573699951172,-141.28038024902344,grab,21,2025-11-18T11:49:56.022372,my_hand_data\videos\grab_seq21_20251118_114955_658448.avi,89.7759887083643,360,90,HIGH,VIDEO_RECORDING,2025-11-18T11:49:59.738280
2025-11-18 11:49:56.038282,32,69,HandType.Left,0.7966746091842651,-160.95484924316406,187.98516845703125,-85.8139877319336,0.12816251814365387,-0.991425633430481,0.025485871359705925,16.554828643798828,-16.712650299072266,-4.654119491577148,0.0,0.0,75.77952575683594,1,1,1,1,1,-94.70463562011719,153.6002960205078,-48.104061126708984,-90.10343170166016,177.57806396484375,-141.27403259277344,grab,21,2025-11-18T11:49:56.038282,my_hand_data\videos\grab_seq21_20251118_114955_658448.avi,89.7759887083643,360,90,HIGH,VIDEO_RECORDING,2025-11-18T11:49:59.738280
2025-11-18 11:49:56.038282,33,69,HandType.Left,0.7969121932983398,-160.79031372070312,187.75442504882812,-85.80509185791016,0.12674587965011597,-0.9915787577629089,0.026591114699840546,14.560315132141113,-20.419382095336914,0.7878435850143433,0.0,0.0,75.94408416748047,1,1,1,1,1,-94.49683380126953,153.3126220703125,-47.78160858154297,-89.93791961669922,177.36915588378906,-141.2570343017578,grab,21,2025-11-18T11:49:56.038282,my_hand_data\videos\grab_seq21_20251118_114955_658448.avi,89.7759887083643,360,90,HIGH,VIDEO_RECORDING,2025-11-18T11:49:59.738280
2025-11-18 11:49:56.053970,34,69,HandType.Left,0.7963036894798279,-160.72317504882812,187.54957580566406,-85.76077270507812,0.12495598196983337,-0.991782009601593,0.027468174695968628,5.994468688964844,-18.287782669067383,3.9559810161590576,0.0,0.0,76.0008544921875,1,1,1,1,1,-94.43677520751953,153.1186981201172,-47.583370208740234,-89.8589859008789,177.1884765625,-141.1988067626953,grab,21,2025-11-18T11:49:56.053970,my_hand_data\videos\grab_seq21_20251118_114955_658448.avi,89.7759887083643,360,90,HIGH,VIDEO_RECORDING,2025-11-18T11:49:59.738280
2025-11-18 11:49:56.069309,35,69,HandType.Left,0.7961977124214172,-160.68679809570312,187.38340759277344,-85.69380187988281,0.12372317910194397,-0.991917610168457,0.02814222127199173,3.3480281829833984,-15.298998832702637,6.166253089904785,0.0,0.0,76.01810455322266,1,1,1,1,1,-94.40736389160156,152.95530700683594,-47.39020919799805,-89.80742645263672,177.03494262695312,-141.09033203125,grab,21,2025-11-18T11:49:56.069309,my_hand_data\videos\grab_seq21_20251118_114955_658448.avi,89.7759887083643,360,90,HIGH,VIDEO_RECORDING,2025-11-18T11:49:59.738280
2025-11-18 11:49:56.072432,36,69,HandType.Left,0.7962266206741333,-160.6550750732422,187.25765991210938,-85.61722564697266,0.12311239540576935,-0.9919816255569458,0.028561754152178764,2.943803310394287,-11.663697242736816,7.102553367614746,0.0,0.0,76.04962158203125,1,1,1,1,1,-94.35079956054688,152.8116912841797,-47.23960876464844,-89.77676391601562,176.9274139404297,-140.999267578125,grab,21,2025-11-18T11:49:56.072432,my_hand_data\videos\grab_seq21_20251118_114955_658448.avi,89.7759887083643,360,90,HIGH,VIDEO_RECORDING,2025-11-18T11:49:59.738280
2025-11-18 11:49:56.101374,37,69,HandType.Left,0.7956388592720032,-160.5838165283203,187.10816955566406,-85.45867919921875,0.1208479180932045,-0.99226313829422,0.028453437611460686,4.495691299438477,-5.629142761230469,9.402952194213867,0.0,0.0,76.00889587402344,1,1,1,1,1,-94.2357406616211,152.68385314941406,-47.04302215576172,-89.6888198852539,176.80284118652344,-140.82330322265625,grab,21,2025-11-18T11:49:56.101374,my_hand_data\videos\grab_seq21_20251118_114955_658448.avi,89.7759887083643,360,90,HIGH,VIDEO_RECORDING,2025-11-18T11:49:59.738280
2025-11-18 11:49:56.130931,38,69,HandType.Left,0.795678436756134,-160.30593872070312,187.28543090820312,-85.21211242675781,0.11585529893636703,-0.9929035902023315,0.02683262713253498,8.663365364074707,11.464405059814453,3.8056321144104004,0.0,0.0,75.96206665039062,1,1,1,1,1,-94.62599182128906,152.45848083496094,-46.86641311645508,-89.40156555175781,176.9158477783203,-140.5457305908203,grab,21,2025-11-18T11:49:56.130931,my_hand_data\videos\grab_seq21_20251118_114955_658448.avi,89.7759887083643,360,90,HIGH,VIDEO_RECORDING,2025-11-18T11:49:59.738280
2025-11-18 11:49:56.135762,39,69,HandType.Left,0.795678436756134,-160.30593872070312,187.28543090820312,-85.21211242675781,0.11585529893636703,-0.9929035902023315,0.02683262713253498,8.663365364074707,11.464405059814453,3.8056321144104004,0.0,0.0,75.96206665039062,1,1,1,1,1,-94.62599182128906,152.45848083496094,-46.86641311645508,-89.40156555175781,176.9158477783203,-140.5457305908203,grab,21,2025-11-18T11:49:56.135762,my_hand_data\videos\grab_seq21_20251118_114955_658448.avi,89.7759887083643,360,90,HIGH,VIDEO_RECORDING,2025-11-18T11:49:59.738280
2025-11-18 11:49:56.135762,40,69,HandType.Left,0.7951497435569763,-160.19970703125,187.4849395751953,-85.15097045898438,0.11359313130378723,-0.9931902289390564,0.025879720225930214,9.59401798248291,18.017486572265625,5.521783351898193,0.0,0.0,75.9679946899414,1,1,1,1,1,-94.96195983886719,152.13418579101562,-46.849021911621094,-89.19557189941406,176.97398376464844,-140.33428955078125,grab,21,2025-11-18T11:49:56.135762,my_hand_data\videos\grab_seq21_20251118_114955_658448.avi,89.7759887083643,360,90,HIGH,VIDEO_RECORDING,2025-11-18T11:49:59.738280
2025-11-18 11:49:56.148609,41,69,HandType.Left,0.7951497435569763,-160.19970703125,187.4849395751953,-85.15097045898438,0.11359313130378723,-0.9931902289390564,0.025879720225930214,9.59401798248291,18.017486572265625,5.521783351898193,0.0,0.0,75.9679946899414,1,1,1,1,1,-94.96195983886719,152.13418579101562,-46.849021911621094,-89.19557189941406,176.97398376464844,-140.33428955078125,grab,21,2025-11-18T11:49:56.148609,my_hand_data\videos\grab_seq21_20251118_114955_658448.avi,89.7759887083643,360,90,HIGH,VIDEO_RECORDING,2025-11-18T11:49:59.738280
2025-11-18 11:49:56.152508,42,69,HandType.Left,0.7942377924919128,-159.98431396484375,187.7000732421875,-85.01078796386719,0.11161231994628906,-0.9934312105178833,0.02524043247103691,19.4045467376709,19.380922317504883,12.628939628601074,0.0,0.0,76.12452697753906,1,1,1,1,1,-95.28389739990234,151.6181640625,-46.74518966674805,-88.85325622558594,177.20384216308594,-140.17330932617188,grab,21,2025-11-18T11:49:56.152508,my_hand_data\videos\grab_seq21_20251118_114955_658448.avi,89.7759887083643,360,90,HIGH,VIDEO_RECORDING,2025-11-18T11:49:59.738280
2025-11-18 11:49:56.152508,43,69,HandType.Left,0.7942377924919128,-159.98431396484375,187.7000732421875,-85.01078796386719,0.11161231994628906,-0.9934312105178833,0.02524043247103691,19.4045467376709,19.380922317504883,12.628939628601074,0.0,0.0,76.12452697753906,1,1,1,1,1,-95.28389739990234,151.6181640625,-46.74518966674805,-88.85325622558594,177.20384216308594,-140.17330932617188,grab,21,2025-11-18T11:49:56.152508,my_hand_data\videos\grab_seq21_20251118_114955_658448.avi,89.7759887083643,360,90,HIGH,VIDEO_RECORDING,2025-11-18T11:49:59.738280
2025-11-18 11:49:56.164580,44,69,HandType.Left,0.7936453223228455,-159.74050903320312,187.92633056640625,-84.859619140625,0.11138265579938889,-0.9934546947479248,0.025331074371933937,22.020427703857422,20.43461799621582,13.65339183807373,0.0,0.0,76.19354248046875,1,1,1,1,1,-95.5408935546875,151.46438598632812,-46.664493560791016,-88.50221252441406,177.5305938720703,-139.97515869140625,grab,21,2025-11-18T11:49:56.164580,my_hand_data\videos\grab_seq21_20251118_114955_658448.avi,89.7759887083643,360,90,HIGH,VIDEO_RECORDING,2025-11-18T11:49:59.738280
2025-11-18 11:49:56.180242,45,69,HandType.Left,0.7920106649398804,-159.52476501464844,188.26622009277344,-84.76740264892578,0.11203369498252869,-0.9933789968490601,0.025429826229810715,19.7679443359375,31.142290115356445,8.449637413024902,0.0,0.0,76.2074966430664,1,1,1,1,1,-95.79296112060547,151.46868896484375,-46.649879455566406,-88.16104125976562,177.9126739501953,-139.6785125732422,grab,21,2025-11-18T11:49:56.180242,my_hand_data\videos\grab_seq21_20251118_114955_658448.avi,89.7759887083643,360,90,HIGH,VIDEO_RECORDING,2025-11-18T11:49:59.738280
2025-11-18 11:49:56.180242,46,69,HandType.Left,0.790874183177948,-159.37448120117188,188.70558166503906,-84.78128051757812,0.11319396644830704,-0.9932485818862915,0.02538406103849411,13.062211990356445,38.18926239013672,-1.2067787647247314,0.0,0.0,76.36658477783203,1,1,1,1,1,-95.8740005493164,151.616455078125,-46.68651580810547,-87.87639617919922,178.58116149902344,-139.70126342773438,grab,21,2025-11-18T11:49:56.180242,my_hand_data\videos\grab_seq21_20251118_114955_658448.avi,89.7759887083643,360,90,HIGH,VIDEO_RECORDING,2025-11-18T11:49:59.738280
2025-11-18 11:49:56.212210,47,69,HandType.Left,0.7889426350593567,-159.0598907470703,189.3720245361328,-84.72291564941406,0.11859671771526337,-0.9926376342773438,0.02460315264761448,16.08989906311035,24.2409725189209,6.322216510772705,0.0,0.0,76.64456176757812,1,1,1,1,1,-95.9639892578125,151.80398559570312,-46.73301696777344,-87.56553649902344,179.63735961914062,-139.6873016357422,grab,21,2025-11-18T11:49:56.212210,my_hand_data\videos\grab_seq21_20251118_114955_658448.avi,89.7759887083643,360,90,HIGH,VIDEO_RECORDING,2025-11-18T11:49:59.738280
2025-11-18 11:49:56.212210,48,69,HandType.Left,0.7889426350593567,-159.0598907470703,189.3720245361328,-84.72291564941406,0.11859671771526337,-0.9926376342773438,0.02460315264761448,16.08989906311035,24.2409725189209,6.322216510772705,0.0,0.0,76.64456176757812,1,1,1,1,1,-95.9639892578125,151.80398559570312,-46.73301696777344,-87.56553649902344,179.63735961914062,-139.6873016357422,grab,21,2025-11-18T11:49:56.212210,my_hand_data\videos\grab_seq21_20251118_114955_658448.avi,89.7759887083643,360,90,HIGH,VIDEO_RECORDING,2025-11-18T11:49:59.738280
2025-11-18 11:49:56.212210,49,69,HandType.Left,0.7881137132644653,-158.9971160888672,189.62527465820312,-84.59220123291016,0.12181130051612854,-0.9922468662261963,0.024659879505634308,5.785871982574463,23.34067153930664,12.046977043151855,0.0,0.0,76.68279266357422,1,1,1,1,1,-96.07070922851562,151.87423706054688,-46.771240234375,-87.57130432128906,179.86740112304688,-139.56610107421875,grab,21,2025-11-18T11:49:56.212210,my_hand_data\videos\grab_seq21_20251118_114955_658448.avi,89.7759887083643,360,90,HIGH,VIDEO_RECORDING,2025-11-18T11:49:59.738280
2025-11-18 11:49:56.244266,50,69,HandType.Left,0.7879081964492798,-158.8059844970703,189.834228515625,-84.3848648071289,0.13460779190063477,-0.9904040694236755,0.03131292387843132,7.210789203643799,8.451072692871094,10.220903396606445,0.0,0.0,76.67747497558594,1,1,1,1,1,-96.46839141845703,151.89195251464844,-47.11962127685547,-87.58748626708984,179.79879760742188,-139.5376434326172,grab,21,2025-11-18T11:49:56.244266,my_hand_data\videos\grab_seq21_20251118_114955_658448.avi,89.7759887083643,360,90,HIGH,VIDEO_RECORDING,2025-11-18T11:49:59.738280
2025-11-18 11:49:56.249852,51,69,HandType.Left,0.7879081964492798,-158.8059844970703,189.834228515625,-84.3848648071289,0.13460779190063477,-0.9904040694236755,0.03131292387843132,7.210789203643799,8.451072692871094,10.220903396606445,0.0,0.0,76.67747497558594,1,1,1,1,1,-96.46839141845703,151.89195251464844,-47.11962127685547,-87.58748626708984,179.79879760742188,-139.5376434326172,grab,21,2025-11-18T11:49:56.249852,my_hand_data\videos\grab_seq21_20251118_114955_658448.avi,89.7759887083643,360,90,HIGH,VIDEO_RECORDING,2025-11-18T11:49:59.738280
2025-11-18 11:49:56.253865,52,69,HandType.Left,0.7889257669448853,-158.8084259033203,189.8932342529297,-84.25379943847656,0.14005395770072937,-0.9894895553588867,0.03599071130156517,-0.22960926592350006,5.551365852355957,12.33305835723877,0.0,0.0,76.8284912109375,1,1,1,1,1,-96.78184509277344,151.82070922851562,-47.14218521118164,-87.72227478027344,179.8910369873047,-139.82460021972656,grab,21,2025-11-18T11:49:56.253865,my_hand_data\videos\grab_seq21_20251118_114955_658448.avi,89.7759887083643,360,90,HIGH,VIDEO_RECORDING,2025-11-18T11:49:59.738280
2025-11-18 11:49:56.276152,53,69,HandType.Left,0.787980854511261,-158.85116577148438,190.0184783935547,-84.2310562133789,0.1494595855474472,-0.987834095954895,0.04296064004302025,-3.296196460723877,6.161818981170654,-1.7980880737304688,0.0,0.0,77.42588806152344,1,1,1,1,1,-97.5719223022461,151.03134155273438,-47.307979583740234,-87.94790649414062,180.01136779785156,-140.38307189941406,grab,21,2025-11-18T11:49:56.276152,my_hand_data\videos\grab_seq21_20251118_114955_658448.avi,89.7759887083643,360,90,HIGH,VIDEO_RECORDING,2025-11-18T11:49:59.738280
2025-11-18 11:49:56.279171,54,69,HandType.Left,0.787980854511261,-158.85116577148438,190.0184783935547,-84.2310562133789,0.1494595855474472,-0.987834095954895,0.04296064004302025,-3.296196460723877,6.161818981170654,-1.7980880737304688,0.0,0.0,77.42588806152344,1,1,1,1,1,-97.5719223022461,151.03134155273438,-47.307979583740234,-87.94790649414062,180.01136779785156,-140.38307189941406,grab,21,2025-11-18T11:49:56.279171,my_hand_data\videos\grab_seq21_20251118_114955_658448.avi,89.7759887083643,360,90,HIGH,VIDEO_RECORDING,2025-11-18T11:49:59.738280
2025-11-18 11:49:56.279171,55,69,HandType.Left,0.787155270576477,-158.82159423828125,190.03565979003906,-84.3155517578125,0.1524464190006256,-0.9873044490814209,0.04460917040705681,2.672123670578003,1.5513415336608887,-7.633171081542969,0.0,0.0,77.73358154296875,1,1,1,1,1,-97.90740966796875,150.55706787109375,-47.40271759033203,-88.03227233886719,179.86279296875,-140.5477752685547,grab,21,2025-11-18T11:49:56.279171,my_hand_data\videos\grab_seq21_20251118_114955_658448.avi,89.7759887083643,360,90,HIGH,VIDEO_RECORDING,2025-11-18T11:49:59.738280
2025-11-18 11:49:56.307919,56,69,HandType.Left,0.7874584197998047,-158.83016967773438,190.1473388671875,-84.34337615966797,0.15761108696460724,-0.9863706231117249,0.04724172130227089,0.45778852701187134,3.7419254779815674,2.6505351066589355,0.0,0.0,78.01531982421875,1,1,1,1,1,-98.29182434082031,150.2216796875,-47.530189514160156,-88.78954315185547,179.1082763671875,-140.5469512939453,grab,21,2025-11-18T11:49:56.307919,my_hand_data\videos\grab_seq21_20251118_114955_658448.avi,89.7759887083643,360,90,HIGH,VIDEO_RECORDING,2025-11-18T11:49:59.738280
2025-11-18 11:49:56.311199,57,69,HandType.Left,0.7874584197998047,-158.83016967773438,190.1473388671875,-84.34337615966797,0.15761108696460724,-0.9863706231117249,0.04724172130227089,0.45778852701187134,3.7419254779815674,2.6505351066589355,0.0,0.0,78.01531982421875,1,1,1,1,1,-98.29182434082031,150.2216796875,-47.530189514160156,-88.78954315185547,179.1082763671875,-140.5469512939453,grab,21,2025-11-18T11:49:56.311199,my_hand_data\videos\grab_seq21_20251118_114955_658448.avi,89.7759887083643,360,90,HIGH,VIDEO_RECORDING,2025-11-18T11:49:59.738280
2025-11-18 11:49:56.315765,58,69,HandType.Left,0.7885900139808655,-158.9197540283203,190.27784729003906,-84.2611083984375,0.16007637977600098,-0.9859103560447693,0.0485416054725647,-7.996091365814209,11.648200035095215,7.341648578643799,0.0,0.0,77.9720230102539,1,1,1,1,1,-98.62425231933594,150.10784912109375,-47.67893981933594,-89.37728881835938,177.94305419921875,-140.06539916992188,grab,21,2025-11-18T11:49:56.315765,my_hand_data\videos\grab_seq21_20251118_114955_658448.avi,89.7759887083643,360,90,HIGH,VIDEO_RECORDING,2025-11-18T11:49:59.738280
2025-11-18 11:49:56.339700,59,69,HandType.Left,0.7893861532211304,-159.36077880859375,190.6511993408203,-83.97274780273438,0.1629452109336853,-0.9853680729866028,0.049986738711595535,-21.72466468811035,16.41229248046875,18.307050704956055,0.0,0.0,77.10887908935547,1,1,1,1,1,-99.53768920898438,150.184814453125,-48.09774398803711,-90.44432067871094,175.14169311523438,-137.87869262695312,grab,21,2025-11-18T11:49:56.339700,my_hand_data\videos\grab_seq21_20251118_114955_658448.avi,89.7759887083643,360,90,HIGH,VIDEO_RECORDING,2025-11-18T11:49:59.738280
2025-11-18 11:49:56.345424,60,69,HandType.Left,0.7893861532211304,-159.36077880859375,190.6511993408203,-83.97274780273438,0.1629452109336853,-0.9853680729866028,0.049986738711595535,-21.72466468811035,16.41229248046875,18.307050704956055,0.0,0.0,77.10887908935547,1,1,1,1,1,-99.53768920898438,150.184814453125,-48.09774398803711,-90.44432067871094,175.14169311523438,-137.87869262695312,grab,21,2025-11-18T11:49:56.345424,my_hand_data\videos\grab_seq21_20251118_114955_658448.avi,89.7759887083643,360,90,HIGH,VIDEO_RECORDING,2025-11-18T11:49:59.738280
2025-11-18 11:49:56.350120,61,69,HandType.Left,0.7892014384269714,-159.63174438476562,190.83648681640625,-83.7905502319336,0.16321387887001038,-0.9852970242500305,0.05050794035196304,-24.032833099365234,16.433486938476562,16.15915870666504,0.0,0.0,76.73503875732422,1,1,1,1,1,-100.17464447021484,150.17803955078125,-48.321678161621094,-90.78001403808594,174.56143188476562,-137.2458953857422,grab,21,2025-11-18T11:49:56.350120,my_hand_data\videos\grab_seq21_20251118_114955_658448.avi,89.7759887083643,360,90,HIGH,VIDEO_RECORDING,2025-11-18T11:49:59.738280
2025-11-18 11:49:56.371170,62,69,HandType.Left,0.7877953052520752,-159.8470001220703,191.0029754638672,-83.56908416748047,0.16364601254463196,-0.985197901725769,0.051040396094322205,-19.408586502075195,15.011201858520508,19.968137741088867,0.0,0.0,76.51819610595703,1,1,1,1,1,-100.94094848632812,149.993896484375,-48.511444091796875,-91.04055786132812,174.10948181152344,-136.85354614257812,grab,21,2025-11-18T11:49:56.371170,my_hand_data\videos\grab_seq21_20251118_114955_658448.avi,89.7759887083643,360,90,HIGH,VIDEO_RECORDING,2025-11-18T11:49:59.738280
2025-11-18 11:49:56.373178,63,69,HandType.Left,0.7843467593193054,-160.0177459716797,191.24301147460938,-83.44559478759766,0.16193771362304688,-0.9854890704154968,0.05086744576692581,-15.5123291015625,21.80864715576172,11.219407081604004,0.0,0.0,76.4112319946289,1,1,1,1,1,-101.72483825683594,149.70358276367188,-48.765220642089844,-91.22434997558594,173.60284423828125,-136.62811279296875,grab,21,2025-11-18T11:49:56.373178,my_hand_data\videos\grab_seq21_20251118_114955_658448.avi,89.7759887083643,360,90,HIGH,VIDEO_RECORDING,2025-11-18T11:49:59.738280
2025-11-18 11:49:56.386848,64,69,HandType.Left,0.7829002737998962,-160.1679229736328,191.45106506347656,-83.29743957519531,0.15834061801433563,-0.9861806035041809,0.04874507710337639,-13.531547546386719,18.746990203857422,13.349973678588867,0.0,0.0,76.40851593017578,1,1,1,1,1,-102.49492645263672,149.38491821289062,-48.907569885253906,-91.36869812011719,172.93038940429688,-136.2808380126953,grab,21,2025-11-18T11:49:56.386848,my_hand_data\videos\grab_seq21_20251118_114955_658448.avi,89.7759887083643,360,90,HIGH,VIDEO_RECORDING,2025-11-18T11:49:59.738280
2025-11-18 11:49:56.402770,65,69,HandType.Left,0.7828247547149658,-160.3010711669922,191.56192016601562,-83.05160522460938,0.15428337454795837,-0.9869320392608643,0.04649489000439644,-12.100597381591797,10.07361888885498,22.340526580810547,0.0,0.0,76.45814514160156,1,1,1,1,1,-103.24725341796875,149.010009765625,-48.84791564941406,-91.44293212890625,172.17022705078125,-135.90164184570312,grab,21,2025-11-18T11:49:56.402770,my_hand_data\videos\grab_seq21_20251118_114955_658448.avi,89.7759887083643,360,90,HIGH,VIDEO_RECORDING,2025-11-18T11:49:59.738280
2025-11-18 11:49:56.407980,66,69,HandType.Left,0.7826238870620728,-160.3347930908203,191.4856719970703,-82.70209503173828,0.14854741096496582,-0.9879234433174133,0.04405590891838074,-2.9800517559051514,-6.740250587463379,30.894277572631836,0.0,0.0,76.4722671508789,1,1,1,1,1,-103.80992126464844,148.47169494628906,-48.70463180541992,-91.40234375,171.47035217285156,-135.50405883789062,grab,21,2025-11-18T11:49:56.407980,my_hand_data\videos\grab_seq21_20251118_114955_658448.avi,89.7759887083643,360,90,HIGH,VIDEO_RECORDING,2025-11-18T11:49:59.738280
2025-11-18 11:49:56.418770,67,69,HandType.Left,0.7826238870620728,-160.3347930908203,191.4856719970703,-82.70209503173828,0.14854741096496582,-0.9879234433174133,0.04405590891838074,-2.9800517559051514,-6.740250587463379,30.894277572631836,0.0,0.0,76.4722671508789,1,1,1,1,1,-103.80992126464844,148.47169494628906,-48.70463180541992,-91.40234375,171.47035217285156,-135.50405883789062,grab,21,2025-11-18T11:49:56.418770,my_hand_data\videos\grab_seq21_20251118_114955_658448.avi,89.7759887083643,360,90,HIGH,VIDEO_RECORDING,2025-11-18T11:49:59.738280
2025-11-18 11:49:56.434540,68,69,HandType.Left,0.7797263860702515,-160.18545532226562,191.20944213867188,-82.24632263183594,0.1407131403684616,-0.9890487194061279,0.04452519491314888,10.516714096069336,-13.408897399902344,15.486600875854492,0.0,0.0,76.16393280029297,1,1,1,1,1,-104.6973648071289,147.5553741455078,-48.69894027709961,-91.18538665771484,170.192626953125,-134.5726318359375,grab,21,2025-11-18T11:49:56.434540,my_hand_data\videos\grab_seq21_20251118_114955_658448.avi,89.7759887083643,360,90,HIGH,VIDEO_RECORDING,2025-11-18T11:49:59.738280
2025-11-18 11:49:56.450394,69,69,HandType.Left,0.7784691452980042,-159.9927215576172,190.99302673339844,-82.10980224609375,0.13754920661449432,-0.9893880486488342,0.04681318253278732,17.920738220214844,-20.122304916381836,12.6936616897583,0.0,0.0,76.00128936767578,1,1,1,1,1,-105.25475311279297,146.7159423828125,-48.72565841674805,-90.98077392578125,169.32472229003906,-133.97933959960938,grab,21,2025-11-18T11:49:56.450394,my_hand_data\videos\grab_seq21_20251118_114955_658448.avi,89.7759887083643,360,90,HIGH,VIDEO_RECORDING,2025-11-18T11:49:59.738280
2025-11-18 11:49:56.452414,70,69,HandType.Left,0.7775676250457764,-159.85659790039062,190.758544921875,-81.9241714477539,0.1335134357213974,-0.9898220896720886,0.04925798997282982,12.087198257446289,-20.819576263427734,16.483121871948242,0.0,0.0,75.83160400390625,1,1,1,1,1,-105.92285919189453,145.97622680664062,-48.8238639831543,-90.83756256103516,168.5784149169922,-133.53457641601562,grab,21,2025-11-18T11:49:56.452414,my_hand_data\videos\grab_seq21_20251118_114955_658448.avi,89.7759887083643,360,90,HIGH,VIDEO_RECORDING,2025-11-18T11:49:59.738280
2025-11-18 11:49:56.466145,71,69,HandType.Left,0.776177167892456,-159.7712860107422,190.52676391601562,-81.65779113769531,0.12883423268795013,-0.9903503060340881,0.0510692223906517,7.632291316986084,-20.738224029541016,23.83285903930664,0.0,0.0,75.58826446533203,1,1,1,1,1,-106.6488037109375,145.26048278808594,-48.90448760986328,-90.73904418945312,167.74526977539062,-132.7574005126953,grab,21,2025-11-18T11:49:56.466145,my_hand_data\videos\grab_seq21_20251118_114955_658448.avi,89.7759887083643,360,90,HIGH,VIDEO_RECORDING,2025-11-18T11:49:59.738280
2025-11-18 11:49:56.482228,72,69,HandType.Left,0.7744037508964539,-159.72865295410156,190.39479064941406,-81.4112548828125,0.12610004842281342,-0.9906060695648193,0.052899837493896484,3.806382894515991,-11.783385276794434,22.011791229248047,0.0,0.0,75.38396453857422,1,1,1,1,1,-107.50759887695312,144.79200744628906,-49.05595016479492,-90.76114654541016,167.2670440673828,-132.26136779785156,grab,21,2025-11-18T11:49:56.482228,my_hand_data\videos\grab_seq21_20251118_114955_658448.avi,89.7759887083643,360,90,HIGH,VIDEO_RECORDING,2025-11-18T11:49:59.738280
2025-11-18 11:49:56.488037,73,69,HandType.Left,0.7718546986579895,-159.62225341796875,190.25900268554688,-81.17791748046875,0.12343697249889374,-0.9908769726753235,0.05409349128603935,9.603631019592285,-12.25577449798584,21.061397552490234,0.007250585593283176,0.0,75.27416229248047,1,1,1,1,1,-108.20127868652344,144.2519989013672,-49.1030158996582,-90.74324035644531,166.69129943847656,-131.79913330078125,grab,21,2025-11-18T11:49:56.488037,my_hand_data\videos\grab_seq21_20251118_114955_658448.avi,89.7759887083643,360,90,HIGH,VIDEO_RECORDING,2025-11-18T11:49:59.738280
2025-11-18 11:49:56.513998,74,69,HandType.Left,0.766525149345398,-159.37686157226562,189.9793701171875,-80.8000717163086,0.11656245589256287,-0.9916746020317078,0.054723430424928665,11.378413200378418,-11.947822570800781,14.491268157958984,0.03300969675183296,0.0,75.34745788574219,1,1,1,1,1,-108.91370391845703,142.9983367919922,-49.042694091796875,-90.7911148071289,165.5915985107422,-130.81277465820312,grab,21,2025-11-18T11:49:56.513998,my_hand_data\videos\grab_seq21_20251118_114955_658448.avi,89.7759887083643,360,90,HIGH,VIDEO_RECORDING,2025-11-18T11:49:59.738280
2025-11-18 11:49:56.514594,75,69,HandType.Left,0.765735387802124,-159.32737731933594,189.84657287597656,-80.65644836425781,0.11372923851013184,-0.9920454621315002,0.053958263248205185,4.490964412689209,-12.052465438842773,13.03502368927002,0.04387148469686508,0.0,75.38030242919922,1,1,1,1,1,-109.051513671875,142.71649169921875,-48.99126434326172,-90.92478942871094,165.23971557617188,-130.55105590820312,grab,21,2025-11-18T11:49:56.514594,my_hand_data\videos\grab_seq21_20251118_114955_658448.avi,89.7759887083643,360,90,HIGH,VIDEO_RECORDING,2025-11-18T11:49:59.738280
2025-11-18 11:49:56.525104,76,69,HandType.Left,0.765735387802124,-159.32737731933594,189.84657287597656,-80.65644836425781,0.11372923851013184,-0.9920454621315002,0.053958263248205185,4.490964412689209,-12.052465438842773,13.03502368927002,0.04387148469686508,0.0,75.38030242919922,1,1,1,1,1,-109.051513671875,142.71649169921875,-48.99126434326172,-90.92478942871094,165.23971557617188,-130.55105590820312,grab,21,2025-11-18T11:49:56.525104,my_hand_data\videos\grab_seq21_20251118_114955_658448.avi,89.7759887083643,360,90,HIGH,VIDEO_RECORDING,2025-11-18T11:49:59.738280
2025-11-18 11:49:56.529772,77,69,HandType.Left,0.7652591466903687,-159.3257598876953,189.74050903320312,-80.54959106445312,0.11138428747653961,-0.9923145771026611,0.05390108376741409,0.1450939178466797,-9.536853790283203,9.607972145080566,0.05224892497062683,0.0,75.31900024414062,1,1,1,1,1,-109.2171630859375,142.60740661621094,-48.95791244506836,-91.0127944946289,164.8980712890625,-130.3190460205078,grab,21,2025-11-18T11:49:56.529772,my_hand_data\videos\grab_seq21_20251118_114955_658448.avi,89.7759887083643,360,90,HIGH,VIDEO_RECORDING,2025-11-18T11:49:59.738280
2025-11-18 11:49:56.545728,78,69,HandType.Left,0.7656545042991638,-159.4040985107422,189.6715850830078,-80.45660400390625,0.1090187355875969,-0.9925784468650818,0.05387844145298004,-7.295176982879639,-6.417826175689697,8.658677101135254,0.058637648820877075,0.0,75.18620300292969,1,1,1,1,1,-109.43937683105469,142.55810546875,-49.00810241699219,-91.10497283935547,164.58836364746094,-130.07992553710938,grab,21,2025-11-18T11:49:56.545728,my_hand_data\videos\grab_seq21_20251118_114955_658448.avi,89.7759887083643,360,90,HIGH,VIDEO_RECORDING,2025-11-18T11:49:59.738280
2025-11-18 11:49:56.552326,79,69,HandType.Left,0.7651853561401367,-159.45840454101562,189.62351989746094,-80.38740539550781,0.10738313943147659,-0.9927194118499756,0.054562050849199295,-4.777984142303467,-4.228918552398682,6.0883283615112305,0.06153818219900131,0.0,75.0366439819336,1,1,1,1,1,-109.5963134765625,142.5465087890625,-49.054954528808594,-91.1380615234375,164.37258911132812,-129.8819580078125,grab,21,2025-11-18T11:49:56.552326,my_hand_data\videos\grab_seq21_20251118_114955_658448.avi,89.7759887083643,360,90,HIGH,VIDEO_RECORDING,2025-11-18T11:49:59.738280
2025-11-18 11:49:56.577368,80,69,HandType.Left,0.7644586563110352,-159.43817138671875,189.47354125976562,-80.26666259765625,0.10588663816452026,-0.9927993416786194,0.05601358413696289,4.176443576812744,-6.8910088539123535,4.59901762008667,0.06601555645465851,0.0,74.8858642578125,1,1,1,1,1,-109.7325668334961,142.37255859375,-49.04073715209961,-91.02285766601562,164.05799865722656,-129.54502868652344,grab,21,2025-11-18T11:49:56.577368,my_hand_data\videos\grab_seq21_20251118_114955_658448.avi,89.7759887083643,360,90,HIGH,VIDEO_RECORDING,2025-11-18T11:49:59.738280
2025-11-18 11:49:56.577368,81,69,HandType.Left,0.7644586563110352,-159.43817138671875,189.47354125976562,-80.26666259765625,0.10588663816452026,-0.9927993416786194,0.05601358413696289,4.176443576812744,-6.8910088539123535,4.59901762008667,0.06601555645465851,0.0,74.8858642578125,1,1,1,1,1,-109.7325668334961,142.37255859375,-49.04073715209961,-91.02285766601562,164.05799865722656,-129.54502868652344,grab,21,2025-11-18T11:49:56.577368,my_hand_data\videos\grab_seq21_20251118_114955_658448.avi,89.7759887083643,360,90,HIGH,VIDEO_RECORDING,2025-11-18T11:49:59.738280
2025-11-18 11:49:56.589566,82,69,HandType.Left,0.7644177675247192,-159.3731689453125,189.43338012695312,-80.22618103027344,0.10515860468149185,-0.9928198456764221,0.057012006640434265,5.9472808837890625,-3.6742427349090576,3.7036056518554688,0.06776341795921326,0.0,74.81690216064453,1,1,1,1,1,-109.70378112792969,142.28070068359375,-49.01704025268555,-90.89863586425781,163.86489868164062,-129.35781860351562,grab,21,2025-11-18T11:49:56.589566,my_hand_data\videos\grab_seq21_20251118_114955_658448.avi,89.7759887083643,360,90,HIGH,VIDEO_RECORDING,2025-11-18T11:49:59.738280
2025-11-18 11:49:56.609163,83,69,HandType.Left,0.7639478445053101,-159.20689392089844,189.50071716308594,-80.15896606445312,0.10265196114778519,-0.9930571913719177,0.0574459582567215,9.683613777160645,3.820291519165039,2.1694419384002686,0.07645707577466965,0.0,74.71302032470703,1,1,1,1,1,-109.64702606201172,142.16567993164062,-49.028804779052734,-90.61831665039062,163.5155487060547,-128.9706573486328,grab,21,2025-11-18T11:49:56.609163,my_hand_data\videos\grab_seq21_20251118_114955_658448.avi,89.7759887083643,360,90,HIGH,VIDEO_RECORDING,2025-11-18T11:49:59.738280
2025-11-18 11:49:56.612760,84,69,HandType.Left,0.7639478445053101,-159.20689392089844,189.50071716308594,-80.15896606445312,0.10265196114778519,-0.9930571913719177,0.0574459582567215,9.683613777160645,3.820291519165039,2.1694419384002686,0.07645707577466965,0.0,74.71302032470703,1,1,1,1,1,-109.64702606201172,142.16567993164062,-49.028804779052734,-90.61831665039062,163.5155487060547,-128.9706573486328,grab,21,2025-11-18T11:49:56.612760,my_hand_data\videos\grab_seq21_20251118_114955_658448.avi,89.7759887083643,360,90,HIGH,VIDEO_RECORDING,2025-11-18T11:49:59.738280
2025-11-18 11:49:56.612760,85,69,HandType.Left,0.7639478445053101,-159.20689392089844,189.50071716308594,-80.15896606445312,0.10265196114778519,-0.9930571913719177,0.0574459582567215,9.683613777160645,3.820291519165039,2.1694419384002686,0.07645707577466965,0.0,74.71302032470703,1,1,1,1,1,-109.64702606201172,142.16567993164062,-49.028804779052734,-90.61831665039062,163.5155487060547,-128.9706573486328,grab,21,2025-11-18T11:49:56.612760,my_hand_data\videos\grab_seq21_20251118_114955_658448.avi,89.7759887083643,360,90,HIGH,VIDEO_RECORDING,2025-11-18T11:49:59.738280
2025-11-18 11:49:56.640514,86,69,HandType.Left,0.76325523853302,-159.0423126220703,189.81581115722656,-80.10264587402344,0.0970650389790535,-0.9936779737472534,0.05641297996044159,3.102952003479004,10.488354682922363,0.14508932828903198,0.09757942706346512,0.0,74.6261978149414,1,1,1,1,1,-109.61727905273438,142.23477172851562,-49.06941223144531,-90.38841247558594,163.16395568847656,-128.3946533203125,grab,21,2025-11-18T11:49:56.640514,my_hand_data\videos\grab_seq21_20251118_114955_658448.avi,89.7759887083643,360,90,HIGH,VIDEO_RECORDING,2025-11-18T11:49:59.738280
2025-11-18 11:49:56.640514,87,69,HandType.Left,0.76325523853302,-159.0423126220703,189.81581115722656,-80.10264587402344,0.0970650389790535,-0.9936779737472534,0.05641297996044159,3.102952003479004,10.488354682922363,0.14508932828903198,0.09757942706346512,0.0,74.6261978149414,1,1,1,1,1,-109.61727905273438,142.23477172851562,-49.06941223144531,-90.38841247558594,163.16395568847656,-128.3946533203125,grab,21,2025-11-18T11:49:56.640514,my_hand_data\videos\grab_seq21_20251118_114955_658448.avi,89.7759887083643,360,90,HIGH,VIDEO_RECORDING,2025-11-18T11:49:59.738280
2025-11-18 11:49:56.656272,88,69,HandType.Left,0.7636304497718811,-159.03981018066406,189.88803100585938,-80.04592895507812,0.0957939550280571,-0.9937649965286255,0.05704958364367485,0.2177281677722931,6.277241230010986,4.929889678955078,0.10214371234178543,0.0,74.54405975341797,1,1,1,1,1,-109.75152587890625,142.25778198242188,-49.13551330566406,-90.33699035644531,163.07730102539062,-128.18763732910156,grab,21,2025-11-18T11:49:56.656272,my_hand_data\videos\grab_seq21_20251118_114955_658448.avi,89.7759887083643,360,90,HIGH,VIDEO_RECORDING,2025-11-18T11:49:59.738280
2025-11-18 11:49:56.672012,89,69,HandType.Left,0.7633951306343079,-159.05247497558594,189.89039611816406,-79.97301483154297,0.09414955973625183,-0.9938722252845764,0.05791217088699341,-1.134306788444519,0.21229033172130585,6.530729293823242,0.10257718712091446,0.0,74.43772888183594,1,1,1,1,1,-109.88343048095703,142.24171447753906,-49.12034225463867,-90.27840423583984,162.94412231445312,-128.01998901367188,grab,21,2025-11-18T11:49:56.672012,my_hand_data\videos\grab_seq21_20251118_114955_658448.avi,89.7759887083643,360,90,HIGH,VIDEO_RECORDING,2025-11-18T11:49:59.738280
2025-11-18 11:49:56.677426,90,69,HandType.Left,0.7635295987129211,-159.0843963623047,189.8693389892578,-79.85877227783203,0.09271886199712753,-0.9939725995063782,0.058495547622442245,-2.966879367828369,-1.957122564315796,10.616199493408203,0.10299650579690933,0.0,74.31478881835938,1,1,1,1,1,-109.9649658203125,142.2254180908203,-49.10201644897461,-90.22981262207031,162.82159423828125,-127.80036163330078,grab,21,2025-11-18T11:49:56.677426,my_hand_data\videos\grab_seq21_20251118_114955_658448.avi,89.7759887083643,360,90,HIGH,VIDEO_RECORDING,2025-11-18T11:49:59.738280
2025-11-18 11:49:56.687662,91,69,HandType.Left,0.7635165452957153,-159.1002960205078,189.8150634765625,-79.70001220703125,0.09196800738573074,-0.9940158724784851,0.05894388258457184,-1.3681306838989258,-4.670658588409424,13.660318374633789,0.10172875970602036,0.0,74.17164611816406,1,1,1,1,1,-110.0186996459961,142.1470489501953,-49.0929069519043,-90.18235778808594,162.71844482421875,-127.59268188476562,grab,21,2025-11-18T11:49:56.687662,my_hand_data\videos\grab_seq21_20251118_114955_658448.avi,89.7759887083643,360,90,HIGH,VIDEO_RECORDING,2025-11-18T11:49:59.738280
2025-11-18 11:49:56.703597,92,69,HandType.Left,0.7630885243415833,-159.08445739746094,189.705322265625,-79.50052642822266,0.09161071479320526,-0.9940402507781982,0.05908884480595589,1.4817427396774292,-10.26303482055664,18.657634735107422,0.10386177897453308,0.0,73.88967895507812,1,1,1,1,1,-110.06216430664062,141.9032440185547,-49.34648513793945,-90.12715148925781,162.4707489013672,-127.25281524658203,grab,21,2025-11-18T11:49:56.703597,my_hand_data\videos\grab_seq21_20251118_114955_658448.avi,89.7759887083643,360,90,HIGH,VIDEO_RECORDING,2025-11-18T11:49:59.738280
2025-11-18 11:49:56.707973,93,69,HandType.Left,0.7628461122512817,-159.14590454101562,189.63632202148438,-79.34001159667969,0.09010240435600281,-0.9941723942756653,0.05918427184224129,-5.547199726104736,-6.228026866912842,14.48800277709961,0.1120963990688324,0.0,73.1856918334961,1,1,1,1,1,-110.12918090820312,141.84898376464844,-50.065040588378906,-90.0903549194336,162.03260803222656,-126.62200927734375,grab,21,2025-11-18T11:49:56.707973,my_hand_data\videos\grab_seq21_20251118_114955_658448.avi,89.7759887083643,360,90,HIGH,VIDEO_RECORDING,2025-11-18T11:49:59.738280
2025-11-18 11:49:56.719432,94,69,HandType.Left,0.7631132006645203,-159.22854614257812,189.53167724609375,-79.10489654541016,0.08919771760702133,-0.9942381381988525,0.0594496987760067,-7.360311985015869,-9.320528030395508,20.9405460357666,0.12076976895332336,0.0,72.28447723388672,1,1,1,1,1,-110.42475891113281,141.8492431640625,-50.87052536010742,-90.14754486083984,161.61256408691406,-125.91679382324219,grab,21,2025-11-18T11:49:56.719432,my_hand_data\videos\grab_seq21_20251118_114955_658448.avi,89.7759887083643,360,90,HIGH,VIDEO_RECORDING,2025-11-18T11:49:59.738280
2025-11-18 11:49:56.735253,95,69,HandType.Left,0.7632965445518494,-159.33102416992188,189.39334106445312,-78.8183364868164,0.08719923347234726,-0.9944159388542175,0.05944075435400009,-9.427746772766113,-12.725982666015625,26.362018585205078,0.12639550864696503,0.0,71.14519500732422,1,1,1,1,1,-110.60890197753906,141.98931884765625,-51.734458923339844,-90.1829605102539,161.05162048339844,-125.12532043457031,grab,21,2025-11-18T11:49:56.735253,my_hand_data\videos\grab_seq21_20251118_114955_658448.avi,89.7759887083643,360,90,HIGH,VIDEO_RECORDING,2025-11-18T11:49:59.738280
2025-11-18 11:49:56.751226,96,69,HandType.Left,0.763286828994751,-159.33570861816406,189.18609619140625,-78.53650665283203,0.08434999734163284,-0.9946520924568176,0.0596015490591526,-0.4030880331993103,-17.836530685424805,24.256311416625977,0.12491120398044586,0.0,70.38166046142578,1,1,1,1,1,-110.88235473632812,141.90782165527344,-52.10414505004883,-90.0788345336914,160.5418701171875,-124.44216918945312,grab,21,2025-11-18T11:49:56.751226,my_hand_data\videos\grab_seq21_20251118_114955_658448.avi,89.7759887083643,360,90,HIGH,VIDEO_RECORDING,2025-11-18T11:49:59.738280
2025-11-18 11:49:56.758303,97,69,HandType.Left,0.7627422213554382,-159.32492065429688,189.04835510253906,-78.22042846679688,0.07991021126508713,-0.994999885559082,0.05991305783390999,0.978972315788269,-12.49178695678711,28.66412353515625,0.12061842530965805,0.0,69.83573150634766,0,1,1,1,1,-111.29014587402344,141.78297424316406,-52.21818542480469,-89.87907409667969,160.07388305664062,-123.7338638305664,grab,21,2025-11-18T11:49:56.758303,my_hand_data\videos\grab_seq21_20251118_114955_658448.avi,89.7759887083643,360,90,HIGH,VIDEO_RECORDING,2025-11-18T11:49:59.738280
2025-11-18 11:49:56.759885,98,69,HandType.Left,0.7627422213554382,-159.32492065429688,189.04835510253906,-78.22042846679688,0.07991021126508713,-0.994999885559082,0.05991305783390999,0.978972315788269,-12.49178695678711,28.66412353515625,0.12061842530965805,0.0,69.83573150634766,0,1,1,1,1,-111.29014587402344,141.78297424316406,-52.21818542480469,-89.87907409667969,160.07388305664062,-123.7338638305664,grab,21,2025-11-18T11:49:56.759885,my_hand_data\videos\grab_seq21_20251118_114955_658448.avi,89.7759887083643,360,90,HIGH,VIDEO_RECORDING,2025-11-18T11:49:59.738280
2025-11-18 11:49:56.782565,99,69,HandType.Left,0.759705126285553,-159.09629821777344,188.72335815429688,-77.44664001464844,0.06824257969856262,-0.995724618434906,0.06225315481424332,11.214506149291992,-12.089454650878906,36.063846588134766,0.11342285573482513,0.0,68.54625701904297,0,1,1,1,1,-112.56433868408203,141.41329956054688,-52.415260314941406,-88.84928131103516,158.95774841308594,-121.88884735107422,grab,21,2025-11-18T11:49:56.782565,my_hand_data\videos\grab_seq21_20251118_114955_658448.avi,89.7759887083643,360,90,HIGH,VIDEO_RECORDING,2025-11-18T11:49:59.738280
2025-11-18 11:49:56.788769,100,69,HandType.Left,0.7556114792823792,-158.86911010742188,188.5634002685547,-76.99876403808594,0.06362302601337433,-0.99595707654953,0.06341587007045746,21.210508346557617,-14.935185432434082,41.814762115478516,0.10967813432216644,0.0,68.03333282470703,0,1,1,1,1,-113.20820617675781,141.009765625,-52.617774963378906,-88.42533111572266,158.60423278808594,-121.16732025146484,grab,21,2025-11-18T11:49:56.788769,my_hand_data\videos\grab_seq21_20251118_114955_658448.avi,89.7759887083643,360,90,HIGH,VIDEO_RECORDING,2025-11-18T11:49:59.738280
2025-11-18 11:49:56.798674,101,69,HandType.Left,0.7499013543128967,-158.679931640625,188.4332733154297,-76.61538696289062,0.058687858283519745,-0.99620121717453,0.06433376669883728,16.353858947753906,-11.248836517333984,33.14093017578125,0.10438808798789978,0.0,67.83426666259766,0,1,1,1,1,-114.359375,140.25711059570312,-52.941192626953125,-88.01393127441406,158.501708984375,-120.61125183105469,grab,21,2025-11-18T11:49:56.798674,my_hand_data\videos\grab_seq21_20251118_114955_658448.avi,89.7759887083643,360,90,HIGH,VIDEO_RECORDING,2025-11-18T11:49:59.738280
2025-11-18 11:49:56.814699,102,69,HandType.Left,0.7455918788909912,-158.4943389892578,188.1331787109375,-76.27813720703125,0.05138756334781647,-0.9966016411781311,0.06437747180461884,17.08816909790039,-27.6295166015625,31.052019119262695,0.10526647418737411,0.0,67.47030639648438,0,1,1,1,1,-115.73319244384766,139.3234100341797,-53.55276107788086,-87.62129211425781,158.2255401611328,-119.77592468261719,grab,21,2025-11-18T11:49:56.814699,my_hand_data\videos\grab_seq21_20251118_114955_658448.avi,89.7759887083643,360,90,HIGH,VIDEO_RECORDING,2025-11-18T11:49:59.738280
2025-11-18 11:49:56.819768,103,69,HandType.Left,0.7400838136672974,-158.35565185546875,187.7421112060547,-75.97126770019531,0.04645350202918053,-0.9968503713607788,0.06427597999572754,12.647774696350098,-35.66525650024414,27.98592185974121,0.10783123970031738,0.0,67.2171859741211,0,1,1,1,1,-117.20210266113281,138.1261749267578,-54.002498626708984,-87.14708709716797,157.72598266601562,-118.64668273925781,grab,21,2025-11-18T11:49:56.819768,my_hand_data\videos\grab_seq21_20251118_114955_658448.avi,89.7759887083643,360,90,HIGH,VIDEO_RECORDING,2025-11-18T11:49:59.738280
2025-11-18 11:49:56.830626,104,69,HandType.Left,0.7367530465126038,-158.24972534179688,187.36289978027344,-75.72924041748047,0.04349798709154129,-0.996882438659668,0.06582824140787125,9.473233222961426,-33.91531753540039,21.646207809448242,0.11064712703227997,0.0,67.60785675048828,0,1,1,1,1,-118.55860137939453,136.32083129882812,-53.83577346801758,-86.73719787597656,157.1137237548828,-117.5838394165039,grab,21,2025-11-18T11:49:56.831503,my_hand_data\videos\grab_seq21_20251118_114955_658448.avi,89.7759887083643,360,90,HIGH,VIDEO_RECORDING,2025-11-18T11:49:59.738280
2025-11-18 11:49:56.846471,105,69,HandType.Left,0.7350683212280273,-158.24127197265625,187.10098266601562,-75.53946685791016,0.0412299707531929,-0.9967958927154541,0.0685422271490097,0.7566299438476562,-23.436904907226562,16.980308532714844,0.11414478719234467,0.0,68.10502624511719,0,1,1,1,1,-119.7716293334961,134.96142578125,-53.46885299682617,-86.55519104003906,156.6422576904297,-116.77645111083984,grab,21,2025-11-18T11:49:56.846471,my_hand_data\videos\grab_seq21_20251118_114955_658448.avi,89.7759887083643,360,90,HIGH,VIDEO_RECORDING,2025-11-18T11:49:59.738280
2025-11-18 11:49:56.862482,106,69,HandType.Left,0.7301748991012573,-158.0369415283203,186.7108917236328,-75.11365509033203,0.03555303439497948,-0.9967034459114075,0.07292595505714417,8.918743133544922,-9.842733383178711,17.757474899291992,0.12823958694934845,0.0,69.57628631591797,0,1,1,1,1,-121.582275390625,132.2584686279297,-51.6556282043457,-85.8771743774414,155.1956024169922,-114.828125,grab,21,2025-11-18T11:49:56.862482,my_hand_data\videos\grab_seq21_20251118_114955_658448.avi,89.7759887083643,360,90,HIGH,VIDEO_RECORDING,2025-11-18T11:49:59.738280
2025-11-18 11:49:56.864330,107,69,HandType.Left,0.7301748991012573,-158.0369415283203,186.7108917236328,-75.11365509033203,0.03555303439497948,-0.9967034459114075,0.07292595505714417,8.918743133544922,-9.842733383178711,17.757474899291992,0.12823958694934845,0.0,69.57628631591797,0,1,1,1,1,-121.582275390625,132.2584686279297,-51.6556282043457,-85.8771743774414,155.1956024169922,-114.828125,grab,21,2025-11-18T11:49:56.864330,my_hand_data\videos\grab_seq21_20251118_114955_658448.avi,89.7759887083643,360,90,HIGH,VIDEO_RECORDING,2025-11-18T11:49:59.738280
2025-11-18 11:49:56.878363,108,69,HandType.Left,0.7261137962341309,-158.0186309814453,186.71922302246094,-74.93263244628906,0.031059788540005684,-0.9967686533927917,0.07407788932323456,1.6216784715652466,0.7380915880203247,16.031883239746094,0.13447333872318268,0.0,69.64906311035156,0,1,1,1,1,-122.09851837158203,131.88800048828125,-51.19157791137695,-85.51910400390625,154.5656280517578,-113.78179168701172,grab,21,2025-11-18T11:49:56.878363,my_hand_data\videos\grab_seq21_20251118_114955_658448.avi,89.7759887083643,360,90,HIGH,VIDEO_RECORDING,2025-11-18T11:49:59.738280
2025-11-18 11:49:56.894405,109,69,HandType.Left,0.7229442000389099,-157.91180419921875,186.7052001953125,-74.71514892578125,0.027522621676325798,-0.9967455267906189,0.07576874643564224,9.856825828552246,-1.2939139604568481,20.065166473388672,0.1390697956085205,0.0,70.19277954101562,0,1,1,1,1,-122.49759674072266,131.041259765625,-50.19332504272461,-85.09906768798828,153.961181640625,-112.6485366821289,grab,21,2025-11-18T11:49:56.894405,my_hand_data\videos\grab_seq21_20251118_114955_658448.avi,89.7759887083643,360,90,HIGH,VIDEO_RECORDING,2025-11-18T11:49:59.738280
2025-11-18 11:49:56.894405,110,69,HandType.Left,0.7195356488227844,-157.8105010986328,186.69032287597656,-74.54281616210938,0.02312961034476757,-0.9967740178108215,0.07685430347919464,9.254908561706543,-1.3593053817749023,15.7441987991333,0.1425386667251587,0.0,70.89649963378906,0,1,1,1,1,-122.75961303710938,130.3846893310547,-48.98890686035156,-84.73689270019531,153.40211486816406,-111.78398132324219,grab,21,2025-11-18T11:49:56.894405,my_hand_data\videos\grab_seq21_20251118_114955_658448.avi,89.7759887083643,360,90,HIGH,VIDEO_RECORDING,2025-11-18T11:49:59.738280
2025-11-18 11:49:56.910544,111,69,HandType.Left,0.7160801291465759,-157.7256317138672,186.77001953125,-74.48613739013672,0.018788469955325127,-0.9967612028121948,0.0781925767660141,7.34591817855835,6.898531436920166,4.905923366546631,0.1490630805492401,0.0,71.22814178466797,0,1,1,1,1,-123.10356140136719,130.0131378173828,-48.31294631958008,-84.35613250732422,152.8221893310547,-110.82117462158203,grab,21,2025-11-18T11:49:56.910544,my_hand_data\videos\grab_seq21_20251118_114955_658448.avi,89.7759887083643,360,90,HIGH,VIDEO_RECORDING,2025-11-18T11:49:59.738280
2025-11-18 11:49:56.926351,112,69,HandType.Left,0.7126469612121582,-157.69149780273438,186.8594970703125,-74.38023376464844,0.013783779926598072,-0.9967186450958252,0.07976150512695312,3.227945566177368,8.459845542907715,10.012642860412598,0.15628959238529205,0.0,71.7947998046875,0,1,1,1,1,-123.62783813476562,129.49395751953125,-47.27827072143555,-84.00702667236328,152.0820770263672,-109.74433898925781,grab,21,2025-11-18T11:49:56.926351,my_hand_data\videos\grab_seq21_20251118_114955_658448.avi,89.7759887083643,360,90,HIGH,VIDEO_RECORDING,2025-11-18T11:49:59.738280
2025-11-18 11:49:56.926351,113,69,HandType.Left,0.7115913033485413,-157.8135223388672,186.83346557617188,-74.11107635498047,0.007919018156826496,-0.9967001080513,0.08078467845916748,-10.630611419677734,-2.267430305480957,23.447776794433594,0.16126595437526703,0.0,72.17395782470703,0,1,1,1,1,-124.43790435791016,129.11647033691406,-46.371803283691406,-83.79049682617188,151.4269256591797,-108.65383911132812,grab,21,2025-11-18T11:49:56.926351,my_hand_data\videos\grab_seq21_20251118_114955_658448.avi,89.7759887083643,360,90,HIGH,VIDEO_RECORDING,2025-11-18T11:49:59.738280
2025-11-18 11:49:56.942330,114,69,HandType.Left,0.7102138996124268,-158.1316680908203,186.75344848632812,-73.78431701660156,0.0005059802206233144,-0.9966219067573547,0.08212482184171677,-27.566984176635742,-6.933300495147705,28.31304359436035,0.15676335990428925,0.0,72.49686431884766,0,1,1,1,1,-125.56356048583984,128.86647033691406,-45.38994216918945,-83.81303405761719,150.85858154296875,-107.79676818847656,grab,21,2025-11-18T11:49:56.942330,my_hand_data\videos\grab_seq21_20251118_114955_658448.avi,89.7759887083643,360,90,HIGH,VIDEO_RECORDING,2025-11-18T11:49:59.738280
2025-11-18 11:49:56.958134,115,69,HandType.Left,0.7078734040260315,-158.7137451171875,186.58050537109375,-73.44185638427734,-0.00995029415935278,-0.996587336063385,0.08194321393966675,-54.08627700805664,-16.06964111328125,31.821407318115234,0.14898067712783813,0.0,73.2021484375,0,1,1,1,0,-126.87052917480469,128.3586883544922,-43.996482849121094,-84.06676483154297,150.3573760986328,-107.12203216552734,grab,21,2025-11-18T11:49:56.958134,my_hand_data\videos\grab_seq21_20251118_114955_658448.avi,89.7759887083643,360,90,HIGH,VIDEO_RECORDING,2025-11-18T11:49:59.738280
2025-11-18 11:49:56.961215,116,69,HandType.Left,0.704230785369873,-159.0142822265625,186.26329040527344,-73.2437744140625,-0.024053089320659637,-0.9963904619216919,0.08140943199396133,-27.24213981628418,-28.753992080688477,17.955060958862305,0.14230425655841827,0.0,73.35901641845703,0,1,1,1,0,-127.77986907958984,127.73340606689453,-43.34181594848633,-84.14875793457031,149.53790283203125,-106.31889343261719,grab,21,2025-11-18T11:49:56.961215,my_hand_data\videos\grab_seq21_20251118_114955_658448.avi,89.7759887083643,360,90,HIGH,VIDEO_RECORDING,2025-11-18T11:49:59.738280
2025-11-18 11:49:56.989913,117,69,HandType.Left,0.7022213339805603,-159.5034942626953,185.98931884765625,-72.74919891357422,-0.04484279826283455,-0.9956222176551819,0.08200938254594803,-16.45192527770996,-10.520660400390625,21.965694427490234,0.12819087505340576,0.0,72.70121765136719,0,1,1,1,0,-129.11349487304688,127.67137908935547,-42.7019157409668,-84.11036682128906,148.39430236816406,-104.634521484375,grab,21,2025-11-18T11:49:56.989913,my_hand_data\videos\grab_seq21_20251118_114955_658448.avi,89.7759887083643,360,90,HIGH,VIDEO_RECORDING,2025-11-18T11:49:59.738280
2025-11-18 11:49:56.989913,118,69,HandType.Left,0.7015465497970581,-159.62066650390625,185.94378662109375,-72.5220947265625,-0.05163006857037544,-0.995160698890686,0.0836033895611763,-10.45270824432373,-4.060474872589111,20.257780075073242,0.12502339482307434,0.0,72.23353576660156,0,1,1,1,0,-129.31195068359375,127.82427978515625,-42.59686279296875,-84.0696029663086,147.9906463623047,-103.8980484008789,grab,21,2025-11-18T11:49:56.989913,my_hand_data\videos\grab_seq21_20251118_114955_658448.avi,89.7759887083643,360,90,HIGH,VIDEO_RECORDING,2025-11-18T11:49:59.738280
2025-11-18 11:49:56.989913,119,69,HandType.Left,0.7015465497970581,-159.62066650390625,185.94378662109375,-72.5220947265625,-0.05163006857037544,-0.995160698890686,0.0836033895611763,-10.45270824432373,-4.060474872589111,20.257780075073242,0.12502339482307434,0.0,72.23353576660156,0,1,1,1,0,-129.31195068359375,127.82427978515625,-42.59686279296875,-84.0696029663086,147.9906463623047,-103.8980484008789,grab,21,2025-11-18T11:49:56.989913,my_hand_data\videos\grab_seq21_20251118_114955_658448.avi,89.7759887083643,360,90,HIGH,VIDEO_RECORDING,2025-11-18T11:49:59.738280
2025-11-18 11:49:57.021322,120,69,HandType.Left,0.7022141218185425,-159.9085693359375,185.99191284179688,-72.16919708251953,-0.06454304605722427,-0.9942255020141602,0.08573135733604431,-14.435989379882812,4.12527322769165,17.26740074157715,0.12073531001806259,0.0,71.1699447631836,0,1,1,1,0,-129.7493896484375,128.41693115234375,-42.64860534667969,-84.03849029541016,147.32638549804688,-102.55489349365234,grab,21,2025-11-18T11:49:57.021322,my_hand_data\videos\grab_seq21_20251118_114955_658448.avi,89.7759887083643,360,90,HIGH,VIDEO_RECORDING,2025-11-18T11:49:59.738280
2025-11-18 11:49:57.026297,121,69,HandType.Left,0.7022141218185425,-159.9085693359375,185.99191284179688,-72.16919708251953,-0.06454304605722427,-0.9942255020141602,0.08573135733604431,-14.435989379882812,4.12527322769165,17.26740074157715,0.12073531001806259,0.0,71.1699447631836,0,1,1,1,0,-129.7493896484375,128.41693115234375,-42.64860534667969,-84.03849029541016,147.32638549804688,-102.55489349365234,grab,21,2025-11-18T11:49:57.026297,my_hand_data\videos\grab_seq21_20251118_114955_658448.avi,89.7759887083643,360,90,HIGH,VIDEO_RECORDING,2025-11-18T11:49:59.738280
2025-11-18 11:49:57.030843,122,69,HandType.Left,0.7026038765907288,-160.03152465820312,186.01876831054688,-72.01579284667969,-0.06994340568780899,-0.9937133193016052,0.08741703629493713,-10.95374870300293,2.3924362659454346,13.667205810546875,0.12388591468334198,0.0,70.7906723022461,0,1,1,1,0,-130.3625030517578,128.49392700195312,-42.81951141357422,-84.07012176513672,146.99127197265625,-101.89588928222656,grab,21,2025-11-18T11:49:57.030843,my_hand_data\videos\grab_seq21_20251118_114955_658448.avi,89.7759887083643,360,90,HIGH,VIDEO_RECORDING,2025-11-18T11:49:59.738280
2025-11-18 11:49:57.053396,123,69,HandType.Left,0.7028342485427856,-160.30050659179688,186.0851287841797,-71.83900451660156,-0.07919659465551376,-0.9928099513053894,0.0897567942738533,-12.579096794128418,4.477435111999512,4.874636173248291,0.12123138457536697,0.0,70.18450927734375,0,1,1,1,0,-131.56033325195312,128.59532165527344,-43.24891662597656,-84.1317138671875,146.5802764892578,-101.0624008178711,grab,21,2025-11-18T11:49:57.053396,my_hand_data\videos\grab_seq21_20251118_114955_658448.avi,89.7759887083643,360,90,HIGH,VIDEO_RECORDING,2025-11-18T11:49:59.738280
2025-11-18 11:49:57.053396,124,69,HandType.Left,0.7028342485427856,-160.30050659179688,186.0851287841797,-71.83900451660156,-0.07919659465551376,-0.9928099513053894,0.0897567942738533,-12.579096794128418,4.477435111999512,4.874636173248291,0.12123138457536697,0.0,70.18450927734375,0,1,1,1,0,-131.56033325195312,128.59532165527344,-43.24891662597656,-84.1317138671875,146.5802764892578,-101.0624008178711,grab,21,2025-11-18T11:49:57.053396,my_hand_data\videos\grab_seq21_20251118_114955_658448.avi,89.7759887083643,360,90,HIGH,VIDEO_RECORDING,2025-11-18T11:49:59.738280
2025-11-18 11:49:57.053396,125,69,HandType.Left,0.7022619247436523,-160.4340057373047,186.0926971435547,-71.7383041381836,-0.08517540246248245,-0.9921804070472717,0.09123145043849945,-12.368585586547852,0.6999810934066772,9.330092430114746,0.11687198281288147,0.0,70.06880187988281,0,1,1,1,0,-132.38356018066406,128.42840576171875,-43.25016403198242,-84.1186752319336,146.27015686035156,-100.56578826904297,grab,21,2025-11-18T11:49:57.053396,my_hand_data\videos\grab_seq21_20251118_114955_658448.avi,89.7759887083643,360,90,HIGH,VIDEO_RECORDING,2025-11-18T11:49:59.738280
2025-11-18 11:49:57.085153,126,69,HandType.Left,0.7021274566650391,-160.79519653320312,186.09786987304688,-71.54689025878906,-0.09282709658145905,-0.9911921620368958,0.09445244818925858,-15.287386894226074,-0.3589405417442322,7.842522144317627,0.11406897753477097,0.0,69.41079711914062,0,1,1,1,0,-133.7407989501953,128.515380859375,-43.75504684448242,-84.27642059326172,145.83460998535156,-99.72708892822266,grab,21,2025-11-18T11:49:57.085153,my_hand_data\videos\grab_seq21_20251118_114955_658448.avi,89.7759887083643,360,90,HIGH,VIDEO_RECORDING,2025-11-18T11:49:59.738280
2025-11-18 11:49:57.085153,127,69,HandType.Left,0.7021274566650391,-160.79519653320312,186.09786987304688,-71.54689025878906,-0.09282709658145905,-0.9911921620368958,0.09445244818925858,-15.287386894226074,-0.3589405417442322,7.842522144317627,0.11406897753477097,0.0,69.41079711914062,0,1,1,1,0,-133.7407989501953,128.515380859375,-43.75504684448242,-84.27642059326172,145.83460998535156,-99.72708892822266,grab,21,2025-11-18T11:49:57.085153,my_hand_data\videos\grab_seq21_20251118_114955_658448.avi,89.7759887083643,360,90,HIGH,VIDEO_RECORDING,2025-11-18T11:49:59.738280
2025-11-18 11:49:57.095286,128,69,HandType.Left,0.7023233771324158,-160.8957061767578,186.04673767089844,-71.42347717285156,-0.09651193767786026,-0.9906851649284363,0.0960645005106926,-8.79975700378418,-4.4763054847717285,10.804891586303711,0.1090141013264656,0.0,68.75770568847656,0,1,1,1,0,-134.46267700195312,128.71328735351562,-44.39990997314453,-84.25016784667969,145.60391235351562,-99.37664794921875,grab,21,2025-11-18T11:49:57.095286,my_hand_data\videos\grab_seq21_20251118_114955_658448.avi,89.7759887083643,360,90,HIGH,VIDEO_RECORDING,2025-11-18T11:49:59.738280
2025-11-18 11:49:57.117198,129,69,HandType.Left,0.7034258246421814,-161.0281982421875,185.99221801757812,-71.18894958496094,-0.10013748705387115,-0.9904043078422546,0.09524595737457275,-11.813837051391602,-4.860721588134766,20.912139892578125,0.10499661415815353,0.0,68.16192626953125,0,1,1,1,0,-135.12779235839844,128.76400756835938,-44.95806121826172,-84.25534057617188,145.46298217773438,-98.94283294677734,grab,21,2025-11-18T11:49:57.117198,my_hand_data\videos\grab_seq21_20251118_114955_658448.avi,89.7759887083643,360,90,HIGH,VIDEO_RECORDING,2025-11-18T11:49:59.738280
2025-11-18 11:49:57.121553,130,69,HandType.Left,0.7028366327285767,-161.06890869140625,185.95523071289062,-71.00930786132812,-0.10286179184913635,-0.990069568157196,0.09582114219665527,-3.6608388423919678,-3.3271398544311523,16.156044006347656,0.10048826783895493,0.0,67.42467498779297,0,1,1,1,0,-135.672119140625,128.90487670898438,-45.701045989990234,-84.17488861083984,145.3322296142578,-98.47723388671875,grab,21,2025-11-18T11:49:57.121553,my_hand_data\videos\grab_seq21_20251118_114955_658448.avi,89.7759887083643,360,90,HIGH,VIDEO_RECORDING,2025-11-18T11:49:59.738280
2025-11-18 11:49:57.133325,131,69,HandType.Left,0.7029718160629272,-161.13722229003906,186.03724670410156,-70.88654327392578,-0.10480547696352005,-0.9898618459701538,0.09586115181446075,-6.320600509643555,7.588481426239014,11.358696937561035,0.09754333645105362,0.0,66.91421508789062,0,1,1,1,0,-136.25657653808594,129.11489868164062,-46.314353942871094,-84.1644058227539,145.38243103027344,-98.25133514404297,grab,21,2025-11-18T11:49:57.133325,my_hand_data\videos\grab_seq21_20251118_114955_658448.avi,89.7759887083643,360,90,HIGH,VIDEO_RECORDING,2025-11-18T11:49:59.738280
2025-11-18 11:49:57.149498,132,69,HandType.Left,0.7039684057235718,-161.10052490234375,185.99655151367188,-70.74864959716797,-0.1063990592956543,-0.9897161722183228,0.0956093892455101,3.2596211433410645,-3.6144914627075195,12.247260093688965,0.09489428997039795,0.0,66.09814453125,0,1,1,1,0,-136.57122802734375,129.32327270507812,-47.32928466796875,-84.0929946899414,145.37286376953125,-98.06364440917969,grab,21,2025-11-18T11:49:57.149498,my_hand_data\videos\grab_seq21_20251118_114955_658448.avi,89.7759887083643,360,90,HIGH,VIDEO_RECORDING,2025-11-18T11:49:59.738280
2025-11-18 11:49:57.149498,133,69,HandType.Left,0.7042227983474731,-161.0216064453125,186.01678466796875,-70.6026611328125,-0.10684005171060562,-0.9896975755691528,0.09530937671661377,7.076407432556152,1.8150430917739868,13.090978622436523,0.0945109948515892,0.0,65.63331604003906,0,1,1,1,0,-136.9303741455078,129.4398651123047,-47.92679214477539,-83.99774932861328,145.3963165283203,-97.8009262084961,grab,21,2025-11-18T11:49:57.149498,my_hand_data\videos\grab_seq21_20251118_114955_658448.avi,89.7759887083643,360,90,HIGH,VIDEO_RECORDING,2025-11-18T11:49:59.738280
2025-11-18 11:49:57.163783,134,69,HandType.Left,0.7043665647506714,-160.9737091064453,186.0701446533203,-70.44648742675781,-0.1070127934217453,-0.9896904230117798,0.09518987685441971,4.348132133483887,4.843215465545654,14.177876472473145,0.09508838504552841,0.0,65.34318542480469,0,1,1,1,0,-137.4527587890625,129.42022705078125,-48.34605026245117,-83.95154571533203,145.43882751464844,-97.53289794921875,grab,21,2025-11-18T11:49:57.163783,my_hand_data\videos\grab_seq21_20251118_114955_658448.avi,89.7759887083643,360,90,HIGH,VIDEO_RECORDING,2025-11-18T11:49:59.738280
2025-11-18 11:49:57.182018,135,69,HandType.Left,0.7045431733131409,-160.95803833007812,186.08514404296875,-70.24860382080078,-0.10741925984621048,-0.9896858930587769,0.09477830678224564,1.4224618673324585,1.3614193201065063,17.95566177368164,0.09636550396680832,0.0,64.94368743896484,0,1,1,1,0,-137.5929718017578,129.4895782470703,-48.73784637451172,-83.94438934326172,145.41311645507812,-97.16486358642578,grab,21,2025-11-18T11:49:57.182018,my_hand_data\videos\grab_seq21_20251118_114955_658448.avi,89.7759887083643,360,90,HIGH,VIDEO_RECORDING,2025-11-18T11:49:59.738280
2025-11-18 11:49:57.186758,136,69,HandType.Left,0.7045979499816895,-160.84730529785156,186.0638427734375,-70.11212921142578,-0.10685490816831589,-0.9897146821022034,0.09511478245258331,9.814990043640137,-1.887510061264038,12.096412658691406,0.09911184012889862,0.0,64.47819519042969,0,1,1,1,0,-138.16497802734375,129.47943115234375,-49.4739990234375,-83.89706420898438,145.26324462890625,-96.86674499511719,grab,21,2025-11-18T11:49:57.186758,my_hand_data\videos\grab_seq21_20251118_114955_658448.avi,89.7759887083643,360,90,HIGH,VIDEO_RECORDING,2025-11-18T11:49:59.738280
2025-11-18 11:49:57.197328,137,69,HandType.Left,0.7045979499816895,-160.84730529785156,186.0638427734375,-70.11212921142578,-0.10685490816831589,-0.9897146821022034,0.09511478245258331,9.814990043640137,-1.887510061264038,12.096412658691406,0.09911184012889862,0.0,64.47819519042969,0,1,1,1,0,-138.16497802734375,129.47943115234375,-49.4739990234375,-83.89706420898438,145.26324462890625,-96.86674499511719,grab,21,2025-11-18T11:49:57.197328,my_hand_data\videos\grab_seq21_20251118_114955_658448.avi,89.7759887083643,360,90,HIGH,VIDEO_RECORDING,2025-11-18T11:49:59.738280
2025-11-18 11:49:57.213309,138,69,HandType.Left,0.7022385001182556,-160.6905517578125,185.8915252685547,-69.73664855957031,-0.10518940538167953,-0.9898351430892944,0.09571627527475357,6.3886284828186035,-6.040595531463623,17.89954948425293,0.10836657136678696,0.0,64.11976623535156,0,1,1,1,0,-138.77430725097656,129.2025146484375,-49.96430969238281,-84.11958312988281,144.9593963623047,-96.36217498779297,grab,21,2025-11-18T11:49:57.213309,my_hand_data\videos\grab_seq21_20251118_114955_658448.avi,89.7759887083643,360,90,HIGH,VIDEO_RECORDING,2025-11-18T11:49:59.738280
2025-11-18 11:49:57.217856,139,69,HandType.Left,0.7012802958488464,-160.621337890625,185.85171508789062,-69.54692077636719,-0.10461366176605225,-0.989865243434906,0.09603556245565414,6.186898231506348,-3.557985544204712,16.958059310913086,0.1114751473069191,0.0,63.84718322753906,0,1,1,1,0,-139.0634002685547,129.1560821533203,-50.376922607421875,-84.20574188232422,144.8562774658203,-96.14888000488281,grab,21,2025-11-18T11:49:57.217856,my_hand_data\videos\grab_seq21_20251118_114955_658448.avi,89.7759887083643,360,90,HIGH,VIDEO_RECORDING,2025-11-18T11:49:59.738280
2025-11-18 11:49:57.245145,140,69,HandType.Left,0.6995154023170471,-160.59255981445312,185.95811462402344,-69.16138458251953,-0.10472527891397476,-0.9898783564567566,0.09577811509370804,-1.1395750045776367,7.548038482666016,16.896923065185547,0.11486168950796127,0.0,63.373130798339844,0,1,1,1,0,-139.73719787597656,129.27000427246094,-51.16322708129883,-84.3119888305664,144.90402221679688,-95.72997283935547,grab,21,2025-11-18T11:49:57.245145,my_hand_data\videos\grab_seq21_20251118_114955_658448.avi,89.7759887083643,360,90,HIGH,VIDEO_RECORDING,2025-11-18T11:49:59.738280
2025-11-18 11:49:57.245145,141,69,HandType.Left,0.6995154023170471,-160.59255981445312,185.95811462402344,-69.16138458251953,-0.10472527891397476,-0.9898783564567566,0.09577811509370804,-1.1395750045776367,7.548038482666016,16.896923065185547,0.11486168950796127,0.0,63.373130798339844,0,1,1,1,0,-139.73719787597656,129.27000427246094,-51.16322708129883,-84.3119888305664,144.90402221679688,-95.72997283935547,grab,21,2025-11-18T11:49:57.245145,my_hand_data\videos\grab_seq21_20251118_114955_658448.avi,89.7759887083643,360,90,HIGH,VIDEO_RECORDING,2025-11-18T11:49:59.738280
2025-11-18 11:49:57.245145,142,69,HandType.Left,0.697461724281311,-160.53150939941406,186.04983520507812,-68.98310852050781,-0.10474163293838501,-0.9898597598075867,0.09595248848199844,5.467954158782959,8.216001510620117,15.968331336975098,0.11463464051485062,0.0,63.066864013671875,0,1,1,1,0,-140.08248901367188,129.3807830810547,-51.59238052368164,-84.31559753417969,144.96759033203125,-95.49612426757812,grab,21,2025-11-18T11:49:57.245145,my_hand_data\videos\grab_seq21_20251118_114955_658448.avi,89.7759887083643,360,90,HIGH,VIDEO_RECORDING,2025-11-18T11:49:59.738280
2025-11-18 11:49:57.277090,143,69,HandType.Left,0.6937512755393982,-160.4922332763672,186.05381774902344,-68.51659393310547,-0.10428734123706818,-0.9898950457572937,0.09608305990695953,-2.7221121788024902,1.7806662321090698,21.785465240478516,0.12056782096624374,0.0,62.758609771728516,0,1,1,1,0,-140.95603942871094,129.36392211914062,-52.04730987548828,-84.451904296875,145.0404510498047,-95.01080322265625,grab,21,2025-11-18T11:49:57.277090,my_hand_data\videos\grab_seq21_20251118_114955_658448.avi,89.7759887083643,360,90,HIGH,VIDEO_RECORDING,2025-11-18T11:49:59.738280
2025-11-18 11:49:57.277090,144,69,HandType.Left,0.6937512755393982,-160.4922332763672,186.05381774902344,-68.51659393310547,-0.10428734123706818,-0.9898950457572937,0.09608305990695953,-2.7221121788024902,1.7806662321090698,21.785465240478516,0.12056782096624374,0.0,62.758609771728516,0,1,1,1,0,-140.95603942871094,129.36392211914062,-52.04730987548828,-84.451904296875,145.0404510498047,-95.01080322265625,grab,21,2025-11-18T11:49:57.277090,my_hand_data\videos\grab_seq21_20251118_114955_658448.avi,89.7759887083643,360,90,HIGH,VIDEO_RECORDING,2025-11-18T11:49:59.738280
2025-11-18 11:49:57.277090,145,69,HandType.Left,0.6906465291976929,-160.5456085205078,186.06300354003906,-68.33634185791016,-0.10448089987039566,-0.9899008870124817,0.09581222385168076,-4.868703365325928,0.837530791759491,16.438444137573242,0.12510308623313904,0.0,62.76840591430664,0,1,1,1,0,-141.3863067626953,129.21044921875,-52.0645637512207,-84.64924621582031,145.0460662841797,-94.70983123779297,grab,21,2025-11-18T11:49:57.277090,my_hand_data\videos\grab_seq21_20251118_114955_658448.avi,89.7759887083643,360,90,HIGH,VIDEO_RECORDING,2025-11-18T11:49:59.738280
2025-11-18 11:49:57.310283,146,69,HandType.Left,0.6851601600646973,-160.73110961914062,186.00747680664062,-67.95443725585938,-0.1055239886045456,-0.9899304509162903,0.09435239434242249,-7.246100902557373,-7.841597557067871,20.88727569580078,0.13596545159816742,0.0,62.68964767456055,0,1,1,1,0,-142.3360137939453,128.89295959472656,-52.36012268066406,-85.21757507324219,144.94338989257812,-94.11347198486328,grab,21,2025-11-18T11:49:57.310283,my_hand_data\videos\grab_seq21_20251118_114955_658448.avi,89.7759887083643,360,90,HIGH,VIDEO_RECORDING,2025-11-18T11:49:59.738280
2025-11-18 11:49:57.310283,147,69,HandType.Left,0.6851601600646973,-160.73110961914062,186.00747680664062,-67.95443725585938,-0.1055239886045456,-0.9899304509162903,0.09435239434242249,-7.246100902557373,-7.841597557067871,20.88727569580078,0.13596545159816742,0.0,62.68964767456055,0,1,1,1,0,-142.3360137939453,128.89295959472656,-52.36012268066406,-85.21757507324219,144.94338989257812,-94.11347198486328,grab,21,2025-11-18T11:49:57.310283,my_hand_data\videos\grab_seq21_20251118_114955_658448.avi,89.7759887083643,360,90,HIGH,VIDEO_RECORDING,2025-11-18T11:49:59.738280
2025-11-18 11:49:57.310283,148,69,HandType.Left,0.6837586164474487,-160.77149963378906,185.89805603027344,-67.7154312133789,-0.10645124316215515,-0.9899001121520996,0.09362662583589554,-3.4840025901794434,-9.437623023986816,20.61319923400879,0.13881230354309082,0.0,62.53569412231445,0,1,1,1,0,-142.57164001464844,128.76268005371094,-52.43629455566406,-85.41059875488281,144.7941131591797,-93.77957916259766,grab,21,2025-11-18T11:49:57.310283,my_hand_data\videos\grab_seq21_20251118_114955_658448.avi,89.7759887083643,360,90,HIGH,VIDEO_RECORDING,2025-11-18T11:49:59.738280
2025-11-18 11:49:57.341004,149,69,HandType.Left,0.6778340935707092,-160.7930908203125,185.72760009765625,-67.30110931396484,-0.10919824242591858,-0.9897699356079102,0.09182140976190567,-1.5208238363265991,-3.937612533569336,15.495433807373047,0.14345243573188782,0.0,62.17275619506836,0,1,1,1,0,-143.0805206298828,128.57083129882812,-52.74813461303711,-85.58226013183594,144.54029846191406,-93.05256652832031,grab,21,2025-11-18T11:49:57.341004,my_hand_data\videos\grab_seq21_20251118_114955_658448.avi,89.7759887083643,360,90,HIGH,VIDEO_RECORDING,2025-11-18T11:49:59.738280
2025-11-18 11:49:57.341004,150,69,HandType.Left,0.6778340935707092,-160.7930908203125,185.72760009765625,-67.30110931396484,-0.10919824242591858,-0.9897699356079102,0.09182140976190567,-1.5208238363265991,-3.937612533569336,15.495433807373047,0.14345243573188782,0.0,62.17275619506836,0,1,1,1,0,-143.0805206298828,128.57083129882812,-52.74813461303711,-85.58226013183594,144.54029846191406,-93.05256652832031,grab,21,2025-11-18T11:49:57.341004,my_hand_data\videos\grab_seq21_20251118_114955_658448.avi,89.7759887083643,360,90,HIGH,VIDEO_RECORDING,2025-11-18T11:49:59.738280
2025-11-18 11:49:57.341004,151,69,HandType.Left,0.676321804523468,-160.80026245117188,185.76307678222656,-67.1778564453125,-0.11028193682432175,-0.9896441102027893,0.09188252687454224,-0.6349600553512573,3.142232656478882,10.917696952819824,0.144750714302063,0.0,62.11723709106445,0,1,1,1,0,-143.340576171875,128.58616638183594,-52.80221939086914,-85.6572036743164,144.57421875,-92.8436050415039,grab,21,2025-11-18T11:49:57.341004,my_hand_data\videos\grab_seq21_20251118_114955_658448.avi,89.7759887083643,360,90,HIGH,VIDEO_RECORDING,2025-11-18T11:49:59.738280
2025-11-18 11:49:57.372548,152,69,HandType.Left,0.6746442914009094,-160.80296325683594,185.88352966308594,-67.07380676269531,-0.11157438904047012,-0.9895163178443909,0.09169873595237732,-0.24876748025417328,11.11266040802002,9.5986909866333,0.14797966182231903,0.0,62.10390853881836,0,1,1,1,0,-143.57229614257812,128.6308135986328,-52.86264419555664,-85.68939971923828,144.65707397460938,-92.56803131103516,grab,21,2025-11-18T11:49:57.372548,my_hand_data\videos\grab_seq21_20251118_114955_658448.avi,89.7759887083643,360,90,HIGH,VIDEO_RECORDING,2025-11-18T11:49:59.738280
2025-11-18 11:49:57.378799,153,69,HandType.Left,0.6736608743667603,-160.8243408203125,186.04592895507812,-66.95610046386719,-0.1121862456202507,-0.9894158840179443,0.09203494340181351,-1.7986947298049927,13.662335395812988,9.902471542358398,0.14935682713985443,0.0,61.99519729614258,0,1,1,1,0,-143.8159637451172,128.75125122070312,-53.05304718017578,-85.7413558959961,144.81993103027344,-92.35966491699219,grab,21,2025-11-18T11:49:57.378799,my_hand_data\videos\grab_seq21_20251118_114955_658448.avi,89.7759887083643,360,90,HIGH,VIDEO_RECORDING,2025-11-18T11:49:59.738280
2025-11-18 11:49:57.385677,154,69,HandType.Left,0.6724258065223694,-160.85379028320312,186.26930236816406,-66.87844848632812,-0.11246027052402496,-0.9893395900726318,0.09251931309700012,-2.6220996379852295,19.89317512512207,6.915764808654785,0.15291935205459595,0.0,62.093788146972656,0,1,1,1,0,-144.18907165527344,128.75685119628906,-53.09233856201172,-85.88135528564453,145.0166778564453,-92.18931579589844,grab,21,2025-11-18T11:49:57.385677,my_hand_data\videos\grab_seq21_20251118_114955_658448.avi,89.7759887083643,360,90,HIGH,VIDEO_RECORDING,2025-11-18T11:49:59.738280
2025-11-18 11:49:57.404071,155,69,HandType.Left,0.671337366104126,-160.88494873046875,186.51303100585938,-66.77851867675781,-0.11197581887245178,-0.989351212978363,0.09298159927129745,-3.1514551639556885,24.65228271484375,10.107134819030762,0.1621623933315277,0.0,62.046836853027344,0,1,1,1,0,-144.76068115234375,128.89730834960938,-53.37179183959961,-86.14605712890625,145.08375549316406,-91.87926483154297,grab,21,2025-11-18T11:49:57.404071,my_hand_data\videos\grab_seq21_20251118_114955_658448.avi,89.7759887083643,360,90,HIGH,VIDEO_RECORDING,2025-11-18T11:49:59.738280
2025-11-18 11:49:57.404071,156,69,HandType.Left,0.6708247661590576,-160.92950439453125,186.77455139160156,-66.68409729003906,-0.11172299087047577,-0.9893266558647156,0.0935455933213234,-3.9707648754119873,23.3039493560791,8.414154052734375,0.17686408758163452,0.0,61.898658752441406,0,1,1,1,0,-145.46961975097656,129.03758239746094,-53.88264083862305,-86.48362731933594,145.03414916992188,-91.43549346923828,grab,21,2025-11-18T11:49:57.404071,my_hand_data\videos\grab_seq21_20251118_114955_658448.avi,89.7759887083643,360,90,HIGH,VIDEO_RECORDING,2025-11-18T11:49:59.738280
2025-11-18 11:49:57.419895,157,69,HandType.Left,0.6704090237617493,-161.0319061279297,186.92398071289062,-66.47029876708984,-0.11269265413284302,-0.9892727136611938,0.09295076876878738,-8.985559463500977,13.11156940460205,18.75863265991211,0.18911004066467285,0.0,61.7824821472168,0,1,1,1,0,-146.02883911132812,129.08888244628906,-54.01530075073242,-86.88204956054688,144.9109649658203,-90.88314056396484,grab,21,2025-11-18T11:49:57.419895,my_hand_data\videos\grab_seq21_20251118_114955_658448.avi,89.7759887083643,360,90,HIGH,VIDEO_RECORDING,2025-11-18T11:49:59.738280
2025-11-18 11:49:57.435576,158,69,HandType.Left,0.6692937016487122,-161.0809783935547,186.9688720703125,-66.20620727539062,-0.11456064879894257,-0.989137589931488,0.09210174530744553,-4.561659812927246,4.173560619354248,24.553335189819336,0.1967974156141281,0.0,61.60065841674805,0,1,1,1,0,-146.5747833251953,129.0345458984375,-54.12102508544922,-87.1760025024414,144.63255310058594,-90.17129516601562,grab,21,2025-11-18T11:49:57.435576,my_hand_data\videos\grab_seq21_20251118_114955_658448.avi,89.7759887083643,360,90,HIGH,VIDEO_RECORDING,2025-11-18T11:49:59.738280
2025-11-18 11:49:57.435576,159,69,HandType.Left,0.6676627397537231,-161.1089630126953,186.9390869140625,-65.93405151367188,-0.1161777675151825,-0.9890086650848389,0.0914580449461937,-2.483205795288086,-2.6428184509277344,24.15294647216797,0.2005135416984558,0.0,61.448326110839844,0,1,1,1,0,-147.17691040039062,128.9209747314453,-54.2603645324707,-87.47786712646484,144.5191192626953,-89.61382293701172,grab,21,2025-11-18T11:49:57.435576,my_hand_data\videos\grab_seq21_20251118_114955_658448.avi,89.7759887083643,360,90,HIGH,VIDEO_RECORDING,2025-11-18T11:49:59.738280
2025-11-18 11:49:57.467139,160,69,HandType.Left,0.6642244458198547,-161.18092346191406,186.76025390625,-65.42314910888672,-0.1201886385679245,-0.9887350797653198,0.08920563012361526,-2.7355194091796875,-8.50715160369873,17.729101181030273,0.19976221024990082,0.0,61.15114974975586,0,1,1,1,0,-147.8728790283203,128.6052703857422,-54.3968620300293,-87.83585357666016,144.43359375,-88.74610137939453,grab,21,2025-11-18T11:49:57.467139,my_hand_data\videos\grab_seq21_20251118_114955_658448.avi,89.7759887083643,360,90,HIGH,VIDEO_RECORDING,2025-11-18T11:49:59.738280
2025-11-18 11:49:57.467853,161,69,HandType.Left,0.663485586643219,-161.1806182861328,186.66079711914062,-65.22737121582031,-0.12074268609285355,-0.9886526465415955,0.08937084674835205,0.027735555544495583,-8.948171615600586,17.615610122680664,0.1976204365491867,0.0,60.99726104736328,0,1,1,1,0,-148.19378662109375,128.53469848632812,-54.498046875,-87.90763092041016,144.44964599609375,-88.39693450927734,grab,21,2025-11-18T11:49:57.467853,my_hand_data\videos\grab_seq21_20251118_114955_658448.avi,89.7759887083643,360,90,HIGH,VIDEO_RECORDING,2025-11-18T11:49:59.738280
2025-11-18 11:49:57.479616,162,69,HandType.Left,0.663485586643219,-161.1806182861328,186.66079711914062,-65.22737121582031,-0.12074268609285355,-0.9886526465415955,0.08937084674835205,0.027735555544495583,-8.948171615600586,17.615610122680664,0.1976204365491867,0.0,60.99726104736328,0,1,1,1,0,-148.19378662109375,128.53469848632812,-54.498046875,-87.90763092041016,144.44964599609375,-88.39693450927734,grab,21,2025-11-18T11:49:57.479616,my_hand_data\videos\grab_seq21_20251118_114955_658448.avi,89.7759887083643,360,90,HIGH,VIDEO_RECORDING,2025-11-18T11:49:59.738280
2025-11-18 11:49:57.498142,163,69,HandType.Left,0.6621156334877014,-161.1680908203125,186.53720092773438,-64.98990631103516,-0.12267514318227768,-0.9885144233703613,0.08826155215501785,0.7906563878059387,-1.094955563545227,6.606846332550049,0.1984255015850067,0.0,60.625492095947266,0,1,1,1,0,-148.35101318359375,128.45999145507812,-54.8426399230957,-87.9664535522461,144.45553588867188,-87.7796401977539,grab,21,2025-11-18T11:49:57.498142,my_hand_data\videos\grab_seq21_20251118_114955_658448.avi,89.7759887083643,360,90,HIGH,VIDEO_RECORDING,2025-11-18T11:49:59.738280
2025-11-18 11:49:57.498142,164,69,HandType.Left,0.6621156334877014,-161.1680908203125,186.53720092773438,-64.98990631103516,-0.12267514318227768,-0.9885144233703613,0.08826155215501785,0.7906563878059387,-1.094955563545227,6.606846332550049,0.1984255015850067,0.0,60.625492095947266,0,1,1,1,0,-148.35101318359375,128.45999145507812,-54.8426399230957,-87.9664535522461,144.45553588867188,-87.7796401977539,grab,21,2025-11-18T11:49:57.498142,my_hand_data\videos\grab_seq21_20251118_114955_658448.avi,89.7759887083643,360,90,HIGH,VIDEO_RECORDING,2025-11-18T11:49:59.738280
2025-11-18 11:49:57.498142,165,69,HandType.Left,0.661747932434082,-161.17190551757812,186.60182189941406,-64.94442749023438,-0.12302177399396896,-0.9884915351867676,0.08803483098745346,-0.3408326208591461,5.7799882888793945,4.0682454109191895,0.19921772181987762,0.0,60.51764678955078,0,1,1,1,0,-148.48609924316406,128.54135131835938,-54.99099349975586,-87.9802474975586,144.55657958984375,-87.5761947631836,grab,21,2025-11-18T11:49:57.498142,my_hand_data\videos\grab_seq21_20251118_114955_658448.avi,89.7759887083643,360,90,HIGH,VIDEO_RECORDING,2025-11-18T11:49:59.738280
2025-11-18 11:49:57.530117,166,69,HandType.Left,0.6611011624336243,-161.26382446289062,186.88485717773438,-64.8393325805664,-0.12433360517024994,-0.9884961843490601,0.08611851930618286,-3.8475935459136963,13.76287841796875,5.214714050292969,0.19924339652061462,0.0,60.39487838745117,0,1,1,1,0,-149.1719207763672,128.73965454101562,-55.50543212890625,-88.15685272216797,144.97117614746094,-87.36076354980469,grab,21,2025-11-18T11:49:57.530117,my_hand_data\videos\grab_seq21_20251118_114955_658448.avi,89.7759887083643,360,90,HIGH,VIDEO_RECORDING,2025-11-18T11:49:59.738280
2025-11-18 11:49:57.530117,167,69,HandType.Left,0.6611011624336243,-161.26382446289062,186.88485717773438,-64.8393325805664,-0.12433360517024994,-0.9884961843490601,0.08611851930618286,-3.8475935459136963,13.76287841796875,5.214714050292969,0.19924339652061462,0.0,60.39487838745117,0,1,1,1,0,-149.1719207763672,128.73965454101562,-55.50543212890625,-88.15685272216797,144.97117614746094,-87.36076354980469,grab,21,2025-11-18T11:49:57.530117,my_hand_data\videos\grab_seq21_20251118_114955_658448.avi,89.7759887083643,360,90,HIGH,VIDEO_RECORDING,2025-11-18T11:49:59.738280
2025-11-18 11:49:57.546167,168,69,HandType.Left,0.6609613299369812,-161.27166748046875,186.9617156982422,-64.79531860351562,-0.12574200332164764,-0.9883893132209778,0.08529644459486008,-0.6946185827255249,6.804078578948975,3.8959038257598877,0.19922396540641785,0.0,60.4116096496582,0,1,1,1,0,-149.3773193359375,128.74522399902344,-55.57102966308594,-88.2138442993164,145.10260009765625,-87.30125427246094,grab,21,2025-11-18T11:49:57.546167,my_hand_data\videos\grab_seq21_20251118_114955_658448.avi,89.7759887083643,360,90,HIGH,VIDEO_RECORDING,2025-11-18T11:49:59.738280
2025-11-18 11:49:57.561810,169,69,HandType.Left,0.6597805023193359,-161.1272735595703,186.7803497314453,-64.65522003173828,-0.13016852736473083,-0.9875862002372742,0.08791869878768921,7.947391510009766,-12.807315826416016,8.984152793884277,0.1952032893896103,0.0,60.527278900146484,0,1,1,1,0,-149.8948974609375,128.41322326660156,-55.55591583251953,-88.2365951538086,145.00521850585938,-87.1828842163086,grab,21,2025-11-18T11:49:57.561810,my_hand_data\videos\grab_seq21_20251118_114955_658448.avi,89.7759887083643,360,90,HIGH,VIDEO_RECORDING,2025-11-18T11:49:59.738280
2025-11-18 11:49:57.563820,170,69,HandType.Left,0.6597805023193359,-161.1272735595703,186.7803497314453,-64.65522003173828,-0.13016852736473083,-0.9875862002372742,0.08791869878768921,7.947391510009766,-12.807315826416016,8.984152793884277,0.1952032893896103,0.0,60.527278900146484,0,1,1,1,0,-149.8948974609375,128.41322326660156,-55.55591583251953,-88.2365951538086,145.00521850585938,-87.1828842163086,grab,21,2025-11-18T11:49:57.563820,my_hand_data\videos\grab_seq21_20251118_114955_658448.avi,89.7759887083643,360,90,HIGH,VIDEO_RECORDING,2025-11-18T11:49:59.738280
2025-11-18 11:49:57.563820,171,69,HandType.Left,0.6594128012657166,-161.0962677001953,186.5638885498047,-64.55809783935547,-0.13150402903556824,-0.9870644807815552,0.09170836955308914,2.7956714630126953,-19.515302658081055,8.756591796875,0.1917126476764679,0.0,60.52116775512695,0,1,1,1,0,-150.2011260986328,128.210205078125,-55.56386947631836,-88.2973861694336,144.88436889648438,-87.14209747314453,grab,21,2025-11-18T11:49:57.563820,my_hand_data\videos\grab_seq21_20251118_114955_658448.avi,89.7759887083643,360,90,HIGH,VIDEO_RECORDING,2025-11-18T11:49:59.738280
2025-11-18 11:49:57.593793,172,69,HandType.Left,0.658981204032898,-161.01853942871094,186.3773193359375,-64.48190307617188,-0.13261321187019348,-0.9865338802337646,0.09573239088058472,6.8622822761535645,-16.47065544128418,6.72638463973999,0.1889379918575287,0.007003874517977238,60.52763748168945,0,1,1,1,0,-150.6060791015625,127.94807434082031,-55.5634651184082,-88.39179229736328,144.7305145263672,-87.00794982910156,grab,21,2025-11-18T11:49:57.593793,my_hand_data\videos\grab_seq21_20251118_114955_658448.avi,89.7759887083643,360,90,HIGH,VIDEO_RECORDING,2025-11-18T11:49:59.738280
2025-11-18 11:49:57.597699,173,69,HandType.Left,0.6590908765792847,-160.9393768310547,186.1663055419922,-64.3677978515625,-0.13360579311847687,-0.9860829710960388,0.09894358366727829,7.189404010772705,-19.16325569152832,10.36284351348877,0.18867725133895874,0.019179897382855415,60.52218246459961,0,1,1,1,0,-150.8157196044922,127.58055114746094,-55.45344161987305,-88.60587310791016,144.54446411132812,-86.85709381103516,grab,21,2025-11-18T11:49:57.597699,my_hand_data\videos\grab_seq21_20251118_114955_658448.avi,89.7759887083643,360,90,HIGH,VIDEO_RECORDING,2025-11-18T11:49:59.738280
2025-11-18 11:49:57.609637,174,69,HandType.Left,0.6588995456695557,-160.9487762451172,185.94888305664062,-64.190673828125,-0.135141983628273,-0.9856336712837219,0.10130608826875687,-0.8460070490837097,-19.551589965820312,15.92702865600586,0.18917329609394073,0.02873038314282894,60.43914031982422,0,1,1,1,0,-151.03858947753906,127.29150390625,-55.306217193603516,-88.8428955078125,144.27456665039062,-86.5157699584961,grab,21,2025-11-18T11:49:57.609637,my_hand_data\videos\grab_seq21_20251118_114955_658448.avi,89.7759887083643,360,90,HIGH,VIDEO_RECORDING,2025-11-18T11:49:59.738280
2025-11-18 11:49:57.625578,175,69,HandType.Left,0.658963143825531,-160.90562438964844,185.81626892089844,-64.06095886230469,-0.13602179288864136,-0.9852829575538635,0.1035161018371582,3.870284080505371,-11.892500877380371,11.632929801940918,0.18972793221473694,0.04746576026082039,60.52207946777344,0,1,1,1,0,-151.41282653808594,126.9933853149414,-55.248714447021484,-88.97496795654297,144.0699005126953,-86.31790924072266,grab,21,2025-11-18T11:49:57.625578,my_hand_data\videos\grab_seq21_20251118_114955_658448.avi,89.7759887083643,360,90,HIGH,VIDEO_RECORDING,2025-11-18T11:49:59.738280
2025-11-18 11:49:57.625578,176,69,HandType.Left,0.6591235995292664,-160.9425506591797,185.72882080078125,-63.89720916748047,-0.13738518953323364,-0.9849684238433838,0.1047019213438034,-3.358586311340332,-7.953830242156982,14.894168853759766,0.18645314872264862,0.06392291933298111,60.51384353637695,0,1,1,1,0,-151.69625854492188,126.7912826538086,-55.184471130371094,-89.12029266357422,143.9361572265625,-86.12959289550781,grab,21,2025-11-18T11:49:57.625578,my_hand_data\videos\grab_seq21_20251118_114955_658448.avi,89.7759887083643,360,90,HIGH,VIDEO_RECORDING,2025-11-18T11:49:59.738280
2025-11-18 11:49:57.642080,177,69,HandType.Left,0.6584696769714355,-160.94281005859375,185.65896606445312,-63.79638671875,-0.13819138705730438,-0.984707236289978,0.10608868300914764,-0.023994164541363716,-6.3563361167907715,9.173101425170898,0.18410994112491608,0.07286546379327774,60.510047912597656,0,1,1,1,0,-151.92990112304688,126.59712219238281,-55.13225173950195,-89.23902130126953,143.78469848632812,-85.96125030517578,grab,21,2025-11-18T11:49:57.642080,my_hand_data\videos\grab_seq21_20251118_114955_658448.avi,89.7759887083643,360,90,HIGH,VIDEO_RECORDING,2025-11-18T11:49:59.738280
2025-11-18 11:49:57.657184,178,69,HandType.Left,0.6576089262962341,-160.94143676757812,185.66761779785156,-63.73026657104492,-0.13955199718475342,-0.9843043684959412,0.10802848637104034,0.12559138238430023,0.7917028665542603,6.0512495040893555,0.17985793948173523,0.07878629118204117,60.49394226074219,0,1,1,1,0,-152.2023468017578,126.5192642211914,-55.14323806762695,-89.32861328125,143.69171142578125,-85.83405303955078,grab,21,2025-11-18T11:49:57.657184,my_hand_data\videos\grab_seq21_20251118_114955_658448.avi,89.7759887083643,360,90,HIGH,VIDEO_RECORDING,2025-11-18T11:49:59.738280
2025-11-18 11:49:57.672893,179,69,HandType.Left,0.6576908826828003,-160.9006805419922,185.62564086914062,-63.69584655761719,-0.1404208093881607,-0.983934223651886,0.11025170981884003,3.580815076828003,-3.687505006790161,3.0246787071228027,0.17451149225234985,0.08871623128652573,60.38307189941406,0,1,1,1,0,-152.46449279785156,126.45724487304688,-55.324989318847656,-89.37145233154297,143.62326049804688,-85.73269653320312,grab,21,2025-11-18T11:49:57.672893,my_hand_data\videos\grab_seq21_20251118_114955_658448.avi,89.7759887083643,360,90,HIGH,VIDEO_RECORDING,2025-11-18T11:49:59.738280
2025-11-18 11:49:57.677810,180,69,HandType.Left,0.6577047109603882,-160.9076690673828,185.54620361328125,-63.68130874633789,-0.14153750240802765,-0.9834282398223877,0.11329638212919235,-0.632388174533844,-7.1994829177856445,1.3176335096359253,0.16858594119548798,0.10094275325536728,60.29918670654297,0,1,1,1,0,-152.59642028808594,126.3719482421875,-55.373443603515625,-89.47466278076172,143.53224182128906,-85.75425720214844,grab,21,2025-11-18T11:49:57.677810,my_hand_data\videos\grab_seq21_20251118_114955_658448.avi,89.7759887083643,360,90,HIGH,VIDEO_RECORDING,2025-11-18T11:49:59.738280
2025-11-18 11:49:57.688817,181,69,HandType.Left,0.6569622755050659,-160.8166046142578,185.4748077392578,-63.69713592529297,-0.1427312195301056,-0.9827823638916016,0.11733105033636093,8.19443130493164,-6.426049709320068,-1.424424648284912,0.16458222270011902,0.11243316531181335,60.281009674072266,0,1,1,1,0,-152.7645721435547,126.19276428222656,-55.41669845581055,-89.58696746826172,143.33787536621094,-85.77890014648438,grab,21,2025-11-18T11:49:57.688817,my_hand_data\videos\grab_seq21_20251118_114955_658448.avi,89.7759887083643,360,90,HIGH,VIDEO_RECORDING,2025-11-18T11:49:59.738280
2025-11-18 11:49:57.703971,182,69,HandType.Left,0.6561127305030823,-160.75540161132812,185.4873046875,-63.737850189208984,-0.14422748982906342,-0.9821308255195618,0.12090277671813965,5.414065837860107,1.106396198272705,-3.6017510890960693,0.16429322957992554,0.1302332729101181,60.24498748779297,0,1,1,1,0,-153.09754943847656,126.04145812988281,-55.4854850769043,-89.79708862304688,143.064453125,-85.67988586425781,grab,21,2025-11-18T11:49:57.703971,my_hand_data\videos\grab_seq21_20251118_114955_658448.avi,89.7759887083643,360,90,HIGH,VIDEO_RECORDING,2025-11-18T11:49:59.738280
2025-11-18 11:49:57.707713,183,69,HandType.Left,0.6552685499191284,-160.54864501953125,185.3146514892578,-63.66311264038086,-0.14648185670375824,-0.9814375638961792,0.12378742545843124,18.546663284301758,-15.487223625183105,6.704126358032227,0.16369645297527313,0.15281787514686584,60.06139373779297,0,1,1,1,0,-153.1362762451172,125.83560943603516,-55.4563102722168,-89.9179458618164,142.55319213867188,-85.38499450683594,grab,21,2025-11-18T11:49:57.707713,my_hand_data\videos\grab_seq21_20251118_114955_658448.avi,89.7759887083643,360,90,HIGH,VIDEO_RECORDING,2025-11-18T11:49:59.738280
2025-11-18 11:49:57.719741,184,69,HandType.Left,0.6554023027420044,-160.32089233398438,185.19387817382812,-63.56081008911133,-0.14699707925319672,-0.9809004068374634,0.12738215923309326,20.88308334350586,-11.074713706970215,9.38028621673584,0.16921931505203247,0.1805044561624527,60.028289794921875,0,1,1,1,0,-153.38751220703125,125.5834732055664,-55.369873046875,-90.07981872558594,142.17349243164062,-84.88421630859375,grab,21,2025-11-18T11:49:57.719741,my_hand_data\videos\grab_seq21_20251118_114955_658448.avi,89.7759887083643,360,90,HIGH,VIDEO_RECORDING,2025-11-18T11:49:59.738280
2025-11-18 11:49:57.735514,185,69,HandType.Left,0.656399130821228,-160.2893524169922,185.11573791503906,-63.40976333618164,-0.1471676081418991,-0.980534553527832,0.12997588515281677,2.9170539379119873,-7.225587844848633,13.968863487243652,0.17079122364521027,0.20571042597293854,59.889644622802734,0,1,1,1,0,-153.6091766357422,125.44557189941406,-55.35316467285156,-90.322509765625,141.93711853027344,-84.5702896118164,grab,21,2025-11-18T11:49:57.735514,my_hand_data\videos\grab_seq21_20251118_114955_658448.avi,89.7759887083643,360,90,HIGH,VIDEO_RECORDING,2025-11-18T11:49:59.738280
2025-11-18 11:49:57.751652,186,69,HandType.Left,0.6555618643760681,-160.1958770751953,184.9254913330078,-63.139129638671875,-0.1484833061695099,-0.9799359440803528,0.1329594999551773,6.107001304626465,-6.681687831878662,8.7008056640625,0.1654486209154129,0.2401566058397293,59.675804138183594,0,1,1,1,0,-153.73770141601562,125.14978790283203,-55.253395080566406,-90.49844360351562,141.62879943847656,-83.97274780273438,grab,21,2025-11-18T11:49:57.751652,my_hand_data\videos\grab_seq21_20251118_114955_658448.avi,89.7759887083643,360,90,HIGH,VIDEO_RECORDING,2025-11-18T11:49:59.738280
2025-11-18 11:49:57.758059,187,69,HandType.Left,0.6555618643760681,-160.1958770751953,184.9254913330078,-63.139129638671875,-0.1484833061695099,-0.9799359440803528,0.1329594999551773,6.107001304626465,-6.681687831878662,8.7008056640625,0.1654486209154129,0.2401566058397293,59.675804138183594,0,1,1,1,0,-153.73770141601562,125.14978790283203,-55.253395080566406,-90.49844360351562,141.62879943847656,-83.97274780273438,grab,21,2025-11-18T11:49:57.758059,my_hand_data\videos\grab_seq21_20251118_114955_658448.avi,89.7759887083643,360,90,HIGH,VIDEO_RECORDING,2025-11-18T11:49:59.738280
2025-11-18 11:49:57.761590,188,69,HandType.Left,0.6555618643760681,-160.1958770751953,184.9254913330078,-63.139129638671875,-0.1484833061695099,-0.9799359440803528,0.1329594999551773,6.107001304626465,-6.681687831878662,8.7008056640625,0.1654486209154129,0.2401566058397293,59.675804138183594,0,1,1,1,0,-153.73770141601562,125.14978790283203,-55.253395080566406,-90.49844360351562,141.62879943847656,-83.97274780273438,grab,21,2025-11-18T11:49:57.761590,my_hand_data\videos\grab_seq21_20251118_114955_658448.avi,89.7759887083643,360,90,HIGH,VIDEO_RECORDING,2025-11-18T11:49:59.738280
2025-11-18 11:49:57.783646,189,69,HandType.Left,0.6545711755752563,-159.93310546875,184.75205993652344,-62.88793182373047,-0.14848628640174866,-0.9795109033584595,0.1360524445772171,12.69783878326416,-6.393555641174316,11.609235763549805,0.16249069571495056,0.26103055477142334,59.70469284057617,0,1,1,1,0,-154.1420440673828,124.68626403808594,-55.235931396484375,-90.52153778076172,141.38287353515625,-83.3615493774414,grab,21,2025-11-18T11:49:57.783646,my_hand_data\videos\grab_seq21_20251118_114955_658448.avi,89.7759887083643,360,90,HIGH,VIDEO_RECORDING,2025-11-18T11:49:59.738280
2025-11-18 11:49:57.787906,190,69,HandType.Left,0.6527618765830994,-159.8555145263672,184.69381713867188,-62.77585983276367,-0.1487840712070465,-0.9791077971458435,0.13860459625720978,7.116211891174316,-5.341310024261475,10.276979446411133,0.1602596938610077,0.267282098531723,59.73194122314453,0,1,1,1,0,-154.26678466796875,124.51477813720703,-55.18049240112305,-90.44158935546875,141.22799682617188,-83.05257415771484,grab,21,2025-11-18T11:49:57.787906,my_hand_data\videos\grab_seq21_20251118_114955_658448.avi,89.7759887083643,360,90,HIGH,VIDEO_RECORDING,2025-11-18T11:49:59.738280
2025-11-18 11:49:57.799505,191,69,HandType.Left,0.6505411863327026,-159.75552368164062,184.685546875,-62.687259674072266,-0.1504027247428894,-0.9785057306289673,0.14108707010746002,8.961918830871582,-0.740256667137146,7.941309452056885,0.15631556510925293,0.2826768159866333,59.87071990966797,0,1,1,1,0,-154.66220092773438,124.32368469238281,-55.17839050292969,-90.33760833740234,141.02645874023438,-82.75411987304688,grab,21,2025-11-18T11:49:57.799505,my_hand_data\videos\grab_seq21_20251118_114955_658448.avi,89.7759887083643,360,90,HIGH,VIDEO_RECORDING,2025-11-18T11:49:59.738280
2025-11-18 11:49:57.815384,192,69,HandType.Left,0.6485874652862549,-159.73707580566406,184.70693969726562,-62.62702560424805,-0.15152767300605774,-0.9778416752815247,0.14444740116596222,1.6666429042816162,1.9324735403060913,5.441089630126953,0.1573561280965805,0.2902376651763916,60.00813293457031,0,1,1,1,0,-155.14376831054688,124.02580261230469,-55.198699951171875,-90.46842956542969,140.75344848632812,-82.36983489990234,grab,21,2025-11-18T11:49:57.815384,my_hand_data\videos\grab_seq21_20251118_114955_658448.avi,89.7759887083643,360,90,HIGH,VIDEO_RECORDING,2025-11-18T11:49:59.738280
2025-11-18 11:49:57.820238,193,69,HandType.Left,0.6483036875724792,-159.73269653320312,184.78955078125,-62.57444763183594,-0.15279975533485413,-0.9769899845123291,0.14880472421646118,0.40009045600891113,7.550642967224121,4.805553436279297,0.1572600156068802,0.31021395325660706,60.1594123840332,0,1,1,1,0,-155.66738891601562,123.81855010986328,-55.27301025390625,-90.63395690917969,140.5657501220703,-81.99154663085938,grab,21,2025-11-18T11:49:57.820238,my_hand_data\videos\grab_seq21_20251118_114955_658448.avi,89.7759887083643,360,90,HIGH,VIDEO_RECORDING,2025-11-18T11:49:59.738280
2025-11-18 11:49:57.831335,194,69,HandType.Left,0.6493113040924072,-159.7108154296875,184.79815673828125,-62.44560241699219,-0.15335799753665924,-0.9761956930160522,0.15337295830249786,1.903935194015503,0.7484632134437561,11.212821006774902,0.16045677661895752,0.3360309302806854,60.19706344604492,0,1,1,1,0,-155.9073944091797,123.61373901367188,-55.20228958129883,-90.79524230957031,140.3226776123047,-81.56916809082031,grab,21,2025-11-18T11:49:57.831335,my_hand_data\videos\grab_seq21_20251118_114955_658448.avi,89.7759887083643,360,90,HIGH,VIDEO_RECORDING,2025-11-18T11:49:59.738280
2025-11-18 11:49:57.847130,195,69,HandType.Left,0.6491904258728027,-159.60699462890625,184.82858276367188,-62.382999420166016,-0.15428927540779114,-0.9755874276161194,0.1562817394733429,9.572707176208496,2.8051939010620117,5.7720255851745605,0.16118089854717255,0.3609733283519745,60.22751998901367,0,1,1,1,0,-156.0396270751953,123.42691040039062,-55.15066909790039,-90.9975357055664,140.12925720214844,-81.2608871459961,grab,21,2025-11-18T11:49:57.847130,my_hand_data\videos\grab_seq21_20251118_114955_658448.avi,89.7759887083643,360,90,HIGH,VIDEO_RECORDING,2025-11-18T11:49:59.738280
2025-11-18 11:49:57.847130,196,69,HandType.Left,0.6495363116264343,-159.50990295410156,184.86293029785156,-62.28338623046875,-0.15427441895008087,-0.9753198027610779,0.1579580307006836,8.560282707214355,3.0288093090057373,8.782638549804688,0.16054286062717438,0.3797403573989868,60.188777923583984,0,1,1,1,0,-156.10598754882812,123.36759185791016,-55.171321868896484,-91.06676483154297,140.1059112548828,-81.08295440673828,grab,21,2025-11-18T11:49:57.847130,my_hand_data\videos\grab_seq21_20251118_114955_658448.avi,89.7759887083643,360,90,HIGH,VIDEO_RECORDING,2025-11-18T11:49:59.738280
2025-11-18 11:49:57.879043,197,69,HandType.Left,0.6485446095466614,-159.2978973388672,184.83209228515625,-61.97978973388672,-0.15356969833374023,-0.9750041961669922,0.16057130694389343,9.417112350463867,-0.795422375202179,15.020779609680176,0.16050560772418976,0.4198395609855652,60.153709411621094,0,1,1,1,0,-156.01634216308594,123.14791870117188,-54.99882125854492,-91.10400390625,139.97157287597656,-80.54701232910156,grab,21,2025-11-18T11:49:57.879043,my_hand_data\videos\grab_seq21_20251118_114955_658448.avi,89.7759887083643,360,90,HIGH,VIDEO_RECORDING,2025-11-18T11:49:59.738280
2025-11-18 11:49:57.883066,198,69,HandType.Left,0.6485446095466614,-159.2978973388672,184.83209228515625,-61.97978973388672,-0.15356969833374023,-0.9750041961669922,0.16057130694389343,9.417112350463867,-0.795422375202179,15.020779609680176,0.16050560772418976,0.4198395609855652,60.153709411621094,0,1,1,1,0,-156.01634216308594,123.14791870117188,-54.99882125854492,-91.10400390625,139.97157287597656,-80.54701232910156,grab,21,2025-11-18T11:49:57.883066,my_hand_data\videos\grab_seq21_20251118_114955_658448.avi,89.7759887083643,360,90,HIGH,VIDEO_RECORDING,2025-11-18T11:49:59.738280
2025-11-18 11:49:57.883066,199,69,HandType.Left,0.6460464596748352,-159.1737518310547,184.79437255859375,-61.842735290527344,-0.15370722115039825,-0.9749472141265869,0.16078568994998932,11.237017631530762,-3.414534091949463,12.406281471252441,0.1644369661808014,0.4389397203922272,60.12496566772461,0,1,1,1,0,-155.91961669921875,122.90788269042969,-54.86760711669922,-91.35091400146484,139.77426147460938,-80.22352600097656,grab,21,2025-11-18T11:49:57.890382,my_hand_data\videos\grab_seq21_20251118_114955_658448.avi,89.7759887083643,360,90,HIGH,VIDEO_RECORDING,2025-11-18T11:49:59.738280
2025-11-18 11:49:57.910980,200,69,HandType.Left,0.638385534286499,-159.1232452392578,184.871826171875,-61.540836334228516,-0.1568017154932022,-0.9747398495674133,0.15904535353183746,1.5947104692459106,3.519422769546509,13.564092636108398,0.177406445145607,0.4693073034286499,60.19784927368164,0,1,1,1,0,-156.17864990234375,122.23487091064453,-54.49540328979492,-92.35888671875,138.9563446044922,-79.04914093017578,grab,21,2025-11-18T11:49:57.910980,my_hand_data\videos\grab_seq21_20251118_114955_658448.avi,89.7759887083643,360,90,HIGH,VIDEO_RECORDING,2025-11-18T11:49:59.738280
2025-11-18 11:49:57.910980,201,69,HandType.Left,0.638385534286499,-159.1232452392578,184.871826171875,-61.540836334228516,-0.1568017154932022,-0.9747398495674133,0.15904535353183746,1.5947104692459106,3.519422769546509,13.564092636108398,0.177406445145607,0.4693073034286499,60.19784927368164,0,1,1,1,0,-156.17864990234375,122.23487091064453,-54.49540328979492,-92.35888671875,138.9563446044922,-79.04914093017578,grab,21,2025-11-18T11:49:57.910980,my_hand_data\videos\grab_seq21_20251118_114955_658448.avi,89.7759887083643,360,90,HIGH,VIDEO_RECORDING,2025-11-18T11:49:59.738280
2025-11-18 11:49:57.922025,202,69,HandType.Left,0.6353000402450562,-159.1790771484375,184.7957305908203,-61.34219741821289,-0.15818238258361816,-0.9749172925949097,0.15657131373882294,-4.927011966705322,-6.71596622467041,17.53219223022461,0.18967245519161224,0.4770743250846863,60.178096771240234,0,1,1,1,0,-156.05604553222656,121.89655303955078,-54.253849029541016,-93.0469970703125,138.54505920410156,-78.65921783447266,grab,21,2025-11-18T11:49:57.922025,my_hand_data\videos\grab_seq21_20251118_114955_658448.avi,89.7759887083643,360,90,HIGH,VIDEO_RECORDING,2025-11-18T11:49:59.738280
2025-11-18 11:49:57.942735,203,69,HandType.Left,0.6270153522491455,-159.20550537109375,184.58108520507812,-60.94631576538086,-0.16014477610588074,-0.9756079316139221,0.15014277398586273,-2.421128988265991,-7.799648761749268,20.24479103088379,0.20824871957302094,0.501677930355072,60.12636184692383,0,1,1,1,0,-156.05380249023438,121.17576599121094,-53.90997314453125,-93.99960327148438,137.5123291015625,-77.6946792602539,grab,21,2025-11-18T11:49:57.942735,my_hand_data\videos\grab_seq21_20251118_114955_658448.avi,89.7759887083643,360,90,HIGH,VIDEO_RECORDING,2025-11-18T11:49:59.738280
2025-11-18 11:49:57.947747,204,69,HandType.Left,0.6270153522491455,-159.20550537109375,184.58108520507812,-60.94631576538086,-0.16014477610588074,-0.9756079316139221,0.15014277398586273,-2.421128988265991,-7.799648761749268,20.24479103088379,0.20824871957302094,0.501677930355072,60.12636184692383,0,1,1,1,0,-156.05380249023438,121.17576599121094,-53.90997314453125,-93.99960327148438,137.5123291015625,-77.6946792602539,grab,21,2025-11-18T11:49:57.947747,my_hand_data\videos\grab_seq21_20251118_114955_658448.avi,89.7759887083643,360,90,HIGH,VIDEO_RECORDING,2025-11-18T11:49:59.738280
2025-11-18 11:49:57.951761,205,69,HandType.Left,0.6226057410240173,-159.1457061767578,184.533447265625,-60.71183776855469,-0.16202251613140106,-0.9760228991508484,0.14535458385944366,5.542459487915039,-4.414371967315674,21.731048583984375,0.21467261016368866,0.5066808462142944,60.1754150390625,0,1,1,1,0,-156.03121948242188,120.85032653808594,-53.75600814819336,-94.33472442626953,137.15499877929688,-77.26502227783203,grab,21,2025-11-18T11:49:57.951761,my_hand_data\videos\grab_seq21_20251118_114955_658448.avi,89.7759887083643,360,90,HIGH,VIDEO_RECORDING,2025-11-18T11:49:59.738280
2025-11-18 11:49:57.974513,206,69,HandType.Left,0.6174195408821106,-159.17623901367188,184.74212646484375,-60.28539276123047,-0.1629069596529007,-0.9769344925880432,0.13805927336215973,-1.9908027648925781,14.505189895629883,17.215164184570312,0.2247752994298935,0.5227238535881042,60.09259796142578,0,1,1,1,0,-156.19113159179688,120.84480285644531,-53.71466064453125,-95.13648986816406,137.35166931152344,-76.81488800048828,grab,21,2025-11-18T11:49:57.974513,my_hand_data\videos\grab_seq21_20251118_114955_658448.avi,89.7759887083643,360,90,HIGH,VIDEO_RECORDING,2025-11-18T11:49:59.738280
2025-11-18 11:49:57.974513,207,69,HandType.Left,0.6174195408821106,-159.17623901367188,184.74212646484375,-60.28539276123047,-0.1629069596529007,-0.9769344925880432,0.13805927336215973,-1.9908027648925781,14.505189895629883,17.215164184570312,0.2247752994298935,0.5227238535881042,60.09259796142578,0,1,1,1,0,-156.19113159179688,120.84480285644531,-53.71466064453125,-95.13648986816406,137.35166931152344,-76.81488800048828,grab,21,2025-11-18T11:49:57.974513,my_hand_data\videos\grab_seq21_20251118_114955_658448.avi,89.7759887083643,360,90,HIGH,VIDEO_RECORDING,2025-11-18T11:49:59.738280
2025-11-18 11:49:57.981645,208,69,HandType.Left,0.616369903087616,-159.1321258544922,184.88856506347656,-60.142051696777344,-0.16317997872829437,-0.9773463010787964,0.1347832828760147,3.8467602729797363,12.768589973449707,12.498294830322266,0.22735372185707092,0.5308512449264526,60.09157943725586,0,1,1,1,0,-156.24037170410156,120.89262390136719,-53.7152214050293,-95.2840576171875,137.47434997558594,-76.56678771972656,grab,21,2025-11-18T11:49:57.981645,my_hand_data\videos\grab_seq21_20251118_114955_658448.avi,89.7759887083643,360,90,HIGH,VIDEO_RECORDING,2025-11-18T11:49:59.738280
2025-11-18 11:49:58.006183,209,69,HandType.Left,0.6140459179878235,-158.92323303222656,184.97093200683594,-60.06368637084961,-0.16470582783222198,-0.9775606989860535,0.13132795691490173,18.60791015625,7.336955547332764,6.980450630187988,0.22687870264053345,0.5409564971923828,60.21214294433594,0,1,1,1,0,-156.25729370117188,120.73394775390625,-53.77407455444336,-95.20254516601562,137.480224609375,-76.27836608886719,grab,21,2025-11-18T11:49:58.006183,my_hand_data\videos\grab_seq21_20251118_114955_658448.avi,89.7759887083643,360,90,HIGH,VIDEO_RECORDING,2025-11-18T11:49:59.738280
2025-11-18 11:49:58.012321,210,69,HandType.Left,0.6098284721374512,-158.78138732910156,185.0814971923828,-59.98072814941406,-0.166083425283432,-0.9778010845184326,0.12775500118732452,13.136302947998047,10.239470481872559,7.682833194732666,0.2293093502521515,0.5505114197731018,60.13190841674805,0,1,1,1,0,-156.29534912109375,120.71424102783203,-54.1240119934082,-95.38589477539062,137.48416137695312,-76.04132080078125,grab,21,2025-11-18T11:49:58.012321,my_hand_data\videos\grab_seq21_20251118_114955_658448.avi,89.7759887083643,360,90,HIGH,VIDEO_RECORDING,2025-11-18T11:49:59.738280
2025-11-18 11:49:58.017275,211,69,HandType.Left,0.6065537333488464,-158.68336486816406,185.08670043945312,-59.86553192138672,-0.16665410995483398,-0.9780055284500122,0.12542559206485748,8.739620208740234,0.4641056954860687,10.270873069763184,0.23174701631069183,0.5608842372894287,59.945247650146484,0,1,1,1,0,-156.28443908691406,120.6682357788086,-54.43743896484375,-95.59383392333984,137.37718200683594,-75.661865234375,grab,21,2025-11-18T11:49:58.017275,my_hand_data\videos\grab_seq21_20251118_114955_658448.avi,89.7759887083643,360,90,HIGH,VIDEO_RECORDING,2025-11-18T11:49:59.738280
2025-11-18 11:49:58.038010,212,69,HandType.Left,0.604562520980835,-158.56448364257812,185.05726623535156,-59.76816177368164,-0.1675022840499878,-0.9781429171562195,0.12320474535226822,10.880497932434082,-2.6944737434387207,8.91236400604248,0.2341316193342209,0.5732535123825073,59.69472122192383,0,1,1,1,0,-156.21336364746094,120.60079193115234,-54.69807052612305,-95.73951721191406,137.07156372070312,-75.09556579589844,grab,21,2025-11-18T11:49:58.038010,my_hand_data\videos\grab_seq21_20251118_114955_658448.avi,89.7759887083643,360,90,HIGH,VIDEO_RECORDING,2025-11-18T11:49:59.738280
2025-11-18 11:49:58.038010,213,69,HandType.Left,0.603983998298645,-158.41790771484375,185.00994873046875,-59.66038131713867,-0.16868774592876434,-0.9780315160751343,0.12246941030025482,12.54398250579834,-4.048429012298584,9.223109245300293,0.23214198648929596,0.5818163156509399,59.555355072021484,0,1,1,1,0,-156.2664337158203,120.54658508300781,-54.8232307434082,-95.87769317626953,136.80569458007812,-74.685546875,grab,21,2025-11-18T11:49:58.038010,my_hand_data\videos\grab_seq21_20251118_114955_658448.avi,89.7759887083643,360,90,HIGH,VIDEO_RECORDING,2025-11-18T11:49:59.738280
2025-11-18 11:49:58.053717,214,69,HandType.Left,0.6027140617370605,-158.22117614746094,184.88714599609375,-59.57564926147461,-0.1710430383682251,-0.9776257872581482,0.12244211882352829,18.465484619140625,-11.527289390563965,7.95297384262085,0.22829562425613403,0.5892364382743835,59.16009521484375,0,1,1,1,0,-156.0904998779297,120.50157928466797,-54.96037673950195,-96.1252212524414,136.32212829589844,-74.16260528564453,grab,21,2025-11-18T11:49:58.053717,my_hand_data\videos\grab_seq21_20251118_114955_658448.avi,89.7759887083643,360,90,HIGH,VIDEO_RECORDING,2025-11-18T11:49:59.738280
2025-11-18 11:49:58.069495,215,69,HandType.Left,0.6009892821311951,-158.00914001464844,184.70985412597656,-59.46617126464844,-0.17342817783355713,-0.9771652817726135,0.12276281416416168,18.37291717529297,-15.363330841064453,9.487066268920898,0.22383642196655273,0.5950199961662292,58.87498474121094,0,1,1,1,0,-156.05641174316406,120.39228820800781,-55.0662841796875,-96.3896255493164,135.88327026367188,-73.71705627441406,grab,21,2025-11-18T11:49:58.069495,my_hand_data\videos\grab_seq21_20251118_114955_658448.avi,89.7759887083643,360,90,HIGH,VIDEO_RECORDING,2025-11-18T11:49:59.738280
2025-11-18 11:49:58.085505,216,69,HandType.Left,0.6023479104042053,-157.6368408203125,184.35986328125,-59.19126510620117,-0.17743992805480957,-0.9764925837516785,0.12238170951604843,19.379417419433594,-14.310243606567383,10.266066551208496,0.2158825695514679,0.6070243716239929,58.18525695800781,0,1,1,1,0,-155.7702178955078,120.33773040771484,-55.33272933959961,-96.72504425048828,135.20513916015625,-73.12965393066406,grab,21,2025-11-18T11:49:58.085505,my_hand_data\videos\grab_seq21_20251118_114955_658448.avi,89.7759887083643,360,90,HIGH,VIDEO_RECORDING,2025-11-18T11:49:59.738280
2025-11-18 11:49:58.085505,217,69,HandType.Left,0.6023479104042053,-157.6368408203125,184.35986328125,-59.19126510620117,-0.17743992805480957,-0.9764925837516785,0.12238170951604843,19.379417419433594,-14.310243606567383,10.266066551208496,0.2158825695514679,0.6070243716239929,58.18525695800781,0,1,1,1,0,-155.7702178955078,120.33773040771484,-55.33272933959961,-96.72504425048828,135.20513916015625,-73.12965393066406,grab,21,2025-11-18T11:49:58.085505,my_hand_data\videos\grab_seq21_20251118_114955_658448.avi,89.7759887083643,360,90,HIGH,VIDEO_RECORDING,2025-11-18T11:49:59.738280
2025-11-18 11:49:58.094693,218,69,HandType.Left,0.6036819219589233,-157.4524383544922,184.27601623535156,-59.03116989135742,-0.17784924805164337,-0.9764464497566223,0.12215567380189896,16.5260009765625,-7.514686584472656,14.348111152648926,0.21517504751682281,0.6102111339569092,57.990901947021484,0,1,1,1,0,-155.65951538085938,120.29667663574219,-55.37104415893555,-96.90191650390625,135.12623596191406,-72.93130493164062,grab,21,2025-11-18T11:49:58.094693,my_hand_data\videos\grab_seq21_20251118_114955_658448.avi,89.7759887083643,360,90,HIGH,VIDEO_RECORDING,2025-11-18T11:49:59.738280
2025-11-18 11:49:58.116883,219,69,HandType.Left,0.6052337288856506,-157.22169494628906,184.3875732421875,-58.706077575683594,-0.17803047597408295,-0.9764555096626282,0.1218186467885971,9.195173263549805,7.881967067718506,12.712248802185059,0.21679621934890747,0.6137526631355286,57.88249969482422,0,1,1,1,0,-155.7218780517578,120.37865447998047,-55.36445617675781,-97.1321029663086,135.1978302001953,-72.50288391113281,grab,21,2025-11-18T11:49:58.116883,my_hand_data\videos\grab_seq21_20251118_114955_658448.avi,89.7759887083643,360,90,HIGH,VIDEO_RECORDING,2025-11-18T11:49:59.738280
2025-11-18 11:49:58.120356,220,69,HandType.Left,0.6052337288856506,-157.22169494628906,184.3875732421875,-58.706077575683594,-0.17803047597408295,-0.9764555096626282,0.1218186467885971,9.195173263549805,7.881967067718506,12.712248802185059,0.21679621934890747,0.6137526631355286,57.88249969482422,0,1,1,1,0,-155.7218780517578,120.37865447998047,-55.36445617675781,-97.1321029663086,135.1978302001953,-72.50288391113281,grab,21,2025-11-18T11:49:58.120356,my_hand_data\videos\grab_seq21_20251118_114955_658448.avi,89.7759887083643,360,90,HIGH,VIDEO_RECORDING,2025-11-18T11:49:59.738280
2025-11-18 11:49:58.132678,221,69,HandType.Left,0.6051117777824402,-157.08306884765625,184.50352478027344,-58.627017974853516,-0.17928601801395416,-0.9763059616088867,0.12117428332567215,12.16220760345459,10.173227310180664,6.936239719390869,0.2158055305480957,0.6145256757736206,57.787147521972656,0,1,1,1,0,-155.7372589111328,120.49895477294922,-55.42259979248047,-97.22074890136719,135.2996063232422,-72.40633392333984,grab,21,2025-11-18T11:49:58.132678,my_hand_data\videos\grab_seq21_20251118_114955_658448.avi,89.7759887083643,360,90,HIGH,VIDEO_RECORDING,2025-11-18T11:49:59.738280
2025-11-18 11:49:58.148832,222,69,HandType.Left,0.6048787832260132,-156.9698486328125,184.6510772705078,-58.574703216552734,-0.18014134466648102,-0.9761824011802673,0.12090082466602325,10.440446853637695,13.607068061828613,4.824349880218506,0.21445520222187042,0.6155101656913757,57.68579864501953,0,1,1,1,0,-155.72817993164062,120.66705322265625,-55.42506790161133,-97.36724853515625,135.4061279296875,-72.33074951171875,grab,21,2025-11-18T11:49:58.148832,my_hand_data\videos\grab_seq21_20251118_114955_658448.avi,89.7759887083643,360,90,HIGH,VIDEO_RECORDING,2025-11-18T11:49:59.738280
2025-11-18 11:49:58.153778,223,69,HandType.Left,0.6043827533721924,-156.8595428466797,184.8180694580078,-58.547889709472656,-0.1814889907836914,-0.9759835004806519,0.1204906478524208,9.790024757385254,14.820281028747559,2.3796775341033936,0.21501058340072632,0.6164806485176086,57.52289962768555,0,1,1,1,0,-155.73721313476562,120.87230682373047,-55.498046875,-97.73573303222656,135.4127197265625,-72.24535369873047,grab,21,2025-11-18T11:49:58.153778,my_hand_data\videos\grab_seq21_20251118_114955_658448.avi,89.7759887083643,360,90,HIGH,VIDEO_RECORDING,2025-11-18T11:49:59.738280
2025-11-18 11:49:58.164656,224,69,HandType.Left,0.6036979556083679,-156.8011932373047,184.89051818847656,-58.54433059692383,-0.18280933797359467,-0.9757862091064453,0.12009169161319733,5.263431072235107,6.534598350524902,0.3212217092514038,0.2185274362564087,0.6168869137763977,57.22998046875,0,1,1,1,0,-155.690673828125,121.0717544555664,-55.60321044921875,-98.2306900024414,135.30360412597656,-72.13253021240234,grab,21,2025-11-18T11:49:58.164656,my_hand_data\videos\grab_seq21_20251118_114955_658448.avi,89.7759887083643,360,90,HIGH,VIDEO_RECORDING,2025-11-18T11:49:59.738280
2025-11-18 11:49:58.180736,225,69,HandType.Left,0.6001867055892944,-156.6887969970703,184.9220428466797,-58.54523849487305,-0.18561196327209473,-0.9753974676132202,0.11894530802965164,10.303091049194336,2.8909714221954346,-0.0832914412021637,0.22198069095611572,0.6150767803192139,56.96916198730469,0,1,1,1,0,-155.64259338378906,121.16817474365234,-55.67949295043945,-98.79000854492188,135.1031494140625,-71.97705078125,grab,21,2025-11-18T11:49:58.180736,my_hand_data\videos\grab_seq21_20251118_114955_658448.avi,89.7759887083643,360,90,HIGH,VIDEO_RECORDING,2025-11-18T11:49:59.738280
2025-11-18 11:49:58.196460,226,69,HandType.Left,0.5946673154830933,-156.5009002685547,184.9205322265625,-58.49478530883789,-0.19012099504470825,-0.9744057655334473,0.11994773149490356,5.318284511566162,2.3549230098724365,2.592602014541626,0.22636258602142334,0.60379558801651,56.476688385009766,0,1,1,1,0,-155.82437133789062,121.27650451660156,-55.838077545166016,-100.04512786865234,134.5227508544922,-71.37273406982422,grab,21,2025-11-18T11:49:58.196460,my_hand_data\videos\grab_seq21_20251118_114955_658448.avi,89.7759887083643,360,90,HIGH,VIDEO_RECORDING,2025-11-18T11:49:59.738280
2025-11-18 11:49:58.201306,227,69,HandType.Left,0.5946673154830933,-156.5009002685547,184.9205322265625,-58.49478530883789,-0.19012099504470825,-0.9744057655334473,0.11994773149490356,5.318284511566162,2.3549230098724365,2.592602014541626,0.22636258602142334,0.60379558801651,56.476688385009766,0,1,1,1,0,-155.82437133789062,121.27650451660156,-55.838077545166016,-100.04512786865234,134.5227508544922,-71.37273406982422,grab,21,2025-11-18T11:49:58.201306,my_hand_data\videos\grab_seq21_20251118_114955_658448.avi,89.7759887083643,360,90,HIGH,VIDEO_RECORDING,2025-11-18T11:49:59.738280
2025-11-18 11:49:58.212177,228,69,HandType.Left,0.590658962726593,-156.3897705078125,184.92250061035156,-58.48698043823242,-0.19205299019813538,-0.973982572555542,0.12030643224716187,9.756085395812988,0.17230243980884552,0.6849111318588257,0.2278987318277359,0.594865083694458,56.27002716064453,0,1,1,1,0,-155.827392578125,121.2802963256836,-55.82536315917969,-100.5750961303711,134.0868377685547,-70.96669006347656,grab,21,2025-11-18T11:49:58.212177,my_hand_data\videos\grab_seq21_20251118_114955_658448.avi,89.7759887083643,360,90,HIGH,VIDEO_RECORDING,2025-11-18T11:49:59.738280
2025-11-18 11:49:58.228211,229,69,HandType.Left,0.5837185978889465,-156.10321044921875,184.87786865234375,-58.52451705932617,-0.19519487023353577,-0.9733958840370178,0.1199977919459343,12.825952529907227,-1.7080566883087158,-2.6569406986236572,0.22776716947555542,0.5858150720596313,55.49376678466797,0,1,1,1,0,-155.49371337890625,121.37621307373047,-55.96702575683594,-101.38250732421875,133.6988525390625,-70.85884857177734,grab,21,2025-11-18T11:49:58.228211,my_hand_data\videos\grab_seq21_20251118_114955_658448.avi,89.7759887083643,360,90,HIGH,VIDEO_RECORDING,2025-11-18T11:49:59.738280
2025-11-18 11:49:58.233013,230,69,HandType.Left,0.5837185978889465,-156.10321044921875,184.87786865234375,-58.52451705932617,-0.19519487023353577,-0.9733958840370178,0.1199977919459343,12.825952529907227,-1.7080566883087158,-2.6569406986236572,0.22776716947555542,0.5858150720596313,55.49376678466797,0,1,1,1,0,-155.49371337890625,121.37621307373047,-55.96702575683594,-101.38250732421875,133.6988525390625,-70.85884857177734,grab,21,2025-11-18T11:49:58.233013,my_hand_data\videos\grab_seq21_20251118_114955_658448.avi,89.7759887083643,360,90,HIGH,VIDEO_RECORDING,2025-11-18T11:49:59.738280
2025-11-18 11:49:58.244130,231,69,HandType.Left,0.5819717049598694,-155.93824768066406,184.85665893554688,-58.550289154052734,-0.19731268286705017,-0.9729824066162109,0.11988724768161774,14.640003204345703,-1.882825255393982,-2.2872419357299805,0.22522957623004913,0.5831999778747559,55.310455322265625,0,1,1,1,0,-155.3040771484375,121.42826080322266,-56.02086639404297,-101.48495483398438,133.629150390625,-70.89103698730469,grab,21,2025-11-18T11:49:58.244130,my_hand_data\videos\grab_seq21_20251118_114955_658448.avi,89.7759887083643,360,90,HIGH,VIDEO_RECORDING,2025-11-18T11:49:59.738280
2025-11-18 11:49:58.259869,232,69,HandType.Left,0.5805502533912659,-155.80520629882812,184.9002685546875,-58.58809280395508,-0.20099185407161713,-0.9723371267318726,0.11900743097066879,11.980813980102539,3.9273695945739746,-3.4046077728271484,0.22265300154685974,0.5794818997383118,55.20315170288086,0,1,1,1,0,-155.14039611816406,121.52603149414062,-56.06663513183594,-101.54621124267578,133.59603881835938,-70.93939971923828,grab,21,2025-11-18T11:49:58.259869,my_hand_data\videos\grab_seq21_20251118_114955_658448.avi,89.7759887083643,360,90,HIGH,VIDEO_RECORDING,2025-11-18T11:49:59.738280
2025-11-18 11:49:58.259869,233,69,HandType.Left,0.5805118680000305,-155.72366333007812,184.9262237548828,-58.57124710083008,-0.2034561038017273,-0.9718930721282959,0.11844584345817566,7.285289287567139,2.319215774536133,1.5050047636032104,0.2206055223941803,0.5774566531181335,55.124847412109375,0,1,1,1,0,-155.02374267578125,121.65943908691406,-56.08330535888672,-101.54924011230469,133.62725830078125,-71.02411651611328,grab,21,2025-11-18T11:49:58.259869,my_hand_data\videos\grab_seq21_20251118_114955_658448.avi,89.7759887083643,360,90,HIGH,VIDEO_RECORDING,2025-11-18T11:49:59.738280
2025-11-18 11:49:58.275798,234,69,HandType.Left,0.5795717239379883,-155.6517791748047,184.91615295410156,-58.53551483154297,-0.20488588511943817,-0.9715352654457092,0.11891605705022812,6.287649631500244,-0.8810422420501709,3.125136613845825,0.21750479936599731,0.5775223970413208,55.1001091003418,0,1,1,1,0,-154.91488647460938,121.74935150146484,-56.09979248046875,-101.4891128540039,133.68275451660156,-71.12551879882812,grab,21,2025-11-18T11:49:58.275798,my_hand_data\videos\grab_seq21_20251118_114955_658448.avi,89.7759887083643,360,90,HIGH,VIDEO_RECORDING,2025-11-18T11:49:59.738280
2025-11-18 11:49:58.291669,235,69,HandType.Left,0.5781046748161316,-155.61691284179688,184.9156036376953,-58.43415832519531,-0.20633025467395782,-0.9712287783622742,0.11892209947109222,3.246570348739624,-0.05110492557287216,9.439065933227539,0.21562370657920837,0.5776283740997314,55.12831497192383,0,1,1,1,0,-154.8568115234375,121.82694244384766,-56.10613250732422,-101.4400405883789,133.80709838867188,-71.23645782470703,grab,21,2025-11-18T11:49:58.291669,my_hand_data\videos\grab_seq21_20251118_114955_658448.avi,89.7759887083643,360,90,HIGH,VIDEO_RECORDING,2025-11-18T11:49:59.738280
2025-11-18 11:49:58.291669,236,69,HandType.Left,0.5781046748161316,-155.61691284179688,184.9156036376953,-58.43415832519531,-0.20633025467395782,-0.9712287783622742,0.11892209947109222,3.246570348739624,-0.05110492557287216,9.439065933227539,0.21562370657920837,0.5776283740997314,55.12831497192383,0,1,1,1,0,-154.8568115234375,121.82694244384766,-56.10613250732422,-101.4400405883789,133.80709838867188,-71.23645782470703,grab,21,2025-11-18T11:49:58.291669,my_hand_data\videos\grab_seq21_20251118_114955_658448.avi,89.7759887083643,360,90,HIGH,VIDEO_RECORDING,2025-11-18T11:49:59.738280
2025-11-18 11:49:58.323487,237,69,HandType.Left,0.5719356536865234,-155.4981689453125,185.1395263671875,-58.22783660888672,-0.21030385792255402,-0.9703534841537476,0.11910650879144669,1.441735863685608,9.485882759094238,2.9662230014801025,0.2081376165151596,0.5706436634063721,54.99720001220703,0,1,1,1,0,-154.7588653564453,122.22218322753906,-56.051551818847656,-101.48572540283203,134.20767211914062,-71.42263793945312,grab,21,2025-11-18T11:49:58.323487,my_hand_data\videos\grab_seq21_20251118_114955_658448.avi,89.7759887083643,360,90,HIGH,VIDEO_RECORDING,2025-11-18T11:49:59.738280
2025-11-18 11:49:58.323487,238,69,HandType.Left,0.569870114326477,-155.4700469970703,185.1885528564453,-58.22023391723633,-0.2119377702474594,-0.9700493812561035,0.11868682503700256,2.50486159324646,4.367822647094727,0.677304744720459,0.2084691822528839,0.5664827823638916,54.88943099975586,0,1,1,1,0,-154.71006774902344,122.3203353881836,-56.04988479614258,-101.68658447265625,134.26425170898438,-71.49728393554688,grab,21,2025-11-18T11:49:58.323487,my_hand_data\videos\grab_seq21_20251118_114955_658448.avi,89.7759887083643,360,90,HIGH,VIDEO_RECORDING,2025-11-18T11:49:59.738280
2025-11-18 11:49:58.323487,239,69,HandType.Left,0.569870114326477,-155.4700469970703,185.1885528564453,-58.22023391723633,-0.2119377702474594,-0.9700493812561035,0.11868682503700256,2.50486159324646,4.367822647094727,0.677304744720459,0.2084691822528839,0.5664827823638916,54.88943099975586,0,1,1,1,0,-154.71006774902344,122.3203353881836,-56.04988479614258,-101.68658447265625,134.26425170898438,-71.49728393554688,grab,21,2025-11-18T11:49:58.323487,my_hand_data\videos\grab_seq21_20251118_114955_658448.avi,89.7759887083643,360,90,HIGH,VIDEO_RECORDING,2025-11-18T11:49:59.738280
2025-11-18 11:49:58.355357,240,69,HandType.Left,0.5649098753929138,-155.35858154296875,185.2003631591797,-58.12003707885742,-0.21574729681015015,-0.9694159626960754,0.1169862225651741,4.521481037139893,-2.665956497192383,6.086482524871826,0.20996348559856415,0.5567057728767395,54.61140823364258,0,1,1,1,0,-154.58383178710938,122.48126983642578,-56.07655715942383,-102.14601135253906,134.13160705566406,-71.39027404785156,grab,21,2025-11-18T11:49:58.355357,my_hand_data\videos\grab_seq21_20251118_114955_658448.avi,89.7759887083643,360,90,HIGH,VIDEO_RECORDING,2025-11-18T11:49:59.738280
2025-11-18 11:49:58.355357,241,69,HandType.Left,0.5631100535392761,-155.30462646484375,185.1698455810547,-58.053184509277344,-0.21717141568660736,-0.9691945910453796,0.11618263274431229,4.762892246246338,-2.694169521331787,5.901454448699951,0.20955199003219604,0.5547481775283813,54.43638610839844,0,1,1,1,0,-154.47767639160156,122.57432556152344,-56.12842559814453,-102.27511596679688,134.04629516601562,-71.30632781982422,grab,21,2025-11-18T11:49:58.355357,my_hand_data\videos\grab_seq21_20251118_114955_658448.avi,89.7759887083643,360,90,HIGH,VIDEO_RECORDING,2025-11-18T11:49:59.738280
2025-11-18 11:49:58.355357,242,69,HandType.Left,0.5631100535392761,-155.30462646484375,185.1698455810547,-58.053184509277344,-0.21717141568660736,-0.9691945910453796,0.11618263274431229,4.762892246246338,-2.694169521331787,5.901454448699951,0.20955199003219604,0.5547481775283813,54.43638610839844,0,1,1,1,0,-154.47767639160156,122.57432556152344,-56.12842559814453,-102.27511596679688,134.04629516601562,-71.30632781982422,grab,21,2025-11-18T11:49:58.355357,my_hand_data\videos\grab_seq21_20251118_114955_658448.avi,89.7759887083643,360,90,HIGH,VIDEO_RECORDING,2025-11-18T11:49:59.738280
2025-11-18 11:49:58.373076,243,69,HandType.Left,0.5617833137512207,-155.3193359375,185.11683654785156,-57.96562576293945,-0.21832206845283508,-0.9690312147140503,0.11538608372211456,-1.3419724702835083,-4.83607816696167,7.988229274749756,0.20874524116516113,0.5532256960868835,54.28352737426758,0,1,1,1,0,-154.38076782226562,122.62779235839844,-56.09003448486328,-102.37702941894531,133.91004943847656,-71.16423797607422,grab,21,2025-11-18T11:49:58.373076,my_hand_data\videos\grab_seq21_20251118_114955_658448.avi,89.7759887083643,360,90,HIGH,VIDEO_RECORDING,2025-11-18T11:49:59.738280
2025-11-18 11:49:58.386525,244,69,HandType.Left,0.5606448650360107,-155.29949951171875,185.0690460205078,-57.897216796875,-0.21909159421920776,-0.9689537286758423,0.11457573622465134,1.7439680099487305,-4.202721118927002,6.015598773956299,0.20819571614265442,0.551565945148468,54.09049606323242,0,1,1,1,0,-154.2337188720703,122.62979888916016,-56.03559112548828,-102.45540618896484,133.80081176757812,-71.05663299560547,grab,21,2025-11-18T11:49:58.386525,my_hand_data\videos\grab_seq21_20251118_114955_658448.avi,89.7759887083643,360,90,HIGH,VIDEO_RECORDING,2025-11-18T11:49:59.738280
2025-11-18 11:49:58.402486,245,69,HandType.Left,0.5606094598770142,-155.33314514160156,185.08250427246094,-57.83009719848633,-0.21938098967075348,-0.9689699411392212,0.11388243734836578,-3.0642223358154297,1.2270445823669434,6.115002632141113,0.20827771723270416,0.5493736267089844,53.974456787109375,0,1,1,1,0,-154.24375915527344,122.64614868164062,-55.96902847290039,-102.564453125,133.75563049316406,-70.91154479980469,grab,21,2025-11-18T11:49:58.402486,my_hand_data\videos\grab_seq21_20251118_114955_658448.avi,89.7759887083643,360,90,HIGH,VIDEO_RECORDING,2025-11-18T11:49:59.738280
2025-11-18 11:49:58.418563,246,69,HandType.Left,0.5579745173454285,-155.25970458984375,185.18911743164062,-57.712493896484375,-0.2197970747947693,-0.9691343903541565,0.11165941506624222,5.576115608215332,6.441504955291748,5.736622333526611,0.20899008214473724,0.5424497723579407,53.696407318115234,0,1,1,1,0,-154.18267822265625,122.74818420410156,-56.01585388183594,-102.8059310913086,133.83050537109375,-70.71031951904297,grab,21,2025-11-18T11:49:58.418563,my_hand_data\videos\grab_seq21_20251118_114955_658448.avi,89.7759887083643,360,90,HIGH,VIDEO_RECORDING,2025-11-18T11:49:59.738280
2025-11-18 11:49:58.419180,247,69,HandType.Left,0.5579745173454285,-155.25970458984375,185.18911743164062,-57.712493896484375,-0.2197970747947693,-0.9691343903541565,0.11165941506624222,5.576115608215332,6.441504955291748,5.736622333526611,0.20899008214473724,0.5424497723579407,53.696407318115234,0,1,1,1,0,-154.18267822265625,122.74818420410156,-56.01585388183594,-102.8059310913086,133.83050537109375,-70.71031951904297,grab,21,2025-11-18T11:49:58.419180,my_hand_data\videos\grab_seq21_20251118_114955_658448.avi,89.7759887083643,360,90,HIGH,VIDEO_RECORDING,2025-11-18T11:49:59.738280
2025-11-18 11:49:58.434236,248,69,HandType.Left,0.5555110573768616,-155.19320678710938,185.32078552246094,-57.700077056884766,-0.21972964704036713,-0.9693375825881958,0.11001623421907425,5.926278591156006,11.73355484008789,1.1065175533294678,0.2097167670726776,0.539205014705658,53.48855209350586,0,1,1,1,0,-154.09719848632812,122.87211608886719,-56.062007904052734,-102.94905853271484,133.91671752929688,-70.56373596191406,grab,21,2025-11-18T11:49:58.434236,my_hand_data\videos\grab_seq21_20251118_114955_658448.avi,89.7759887083643,360,90,HIGH,VIDEO_RECORDING,2025-11-18T11:49:59.738280
2025-11-18 11:49:58.449931,249,69,HandType.Left,0.5552012920379639,-155.2191162109375,185.4676055908203,-57.756072998046875,-0.2189997136592865,-0.9696435928344727,0.10876792669296265,-2.4183061122894287,13.701704978942871,-5.225625038146973,0.21009927988052368,0.5352483987808228,53.2182731628418,0,1,1,1,0,-154.04664611816406,123.00843048095703,-56.103206634521484,-103.18167877197266,133.92636108398438,-70.37397766113281,grab,21,2025-11-18T11:49:58.449931,my_hand_data\videos\grab_seq21_20251118_114955_658448.avi,89.7759887083643,360,90,HIGH,VIDEO_RECORDING,2025-11-18T11:49:59.738280
2025-11-18 11:49:58.454593,250,69,HandType.Left,0.5533492565155029,-155.2322235107422,185.5233154296875,-57.79100036621094,-0.21861550211906433,-0.9698558449745178,0.10764259845018387,-1.1513577699661255,4.891817092895508,-3.0669631958007812,0.21007072925567627,0.5321197509765625,53.04499435424805,0,1,1,1,0,-154.0077362060547,123.07221221923828,-56.14516830444336,-103.29268646240234,133.9182586669922,-70.2453384399414,grab,21,2025-11-18T11:49:58.454593,my_hand_data\videos\grab_seq21_20251118_114955_658448.avi,89.7759887083643,360,90,HIGH,VIDEO_RECORDING,2025-11-18T11:49:59.738280
2025-11-18 11:49:58.465583,251,69,HandType.Left,0.5528215765953064,-155.2760009765625,185.54470825195312,-57.81253433227539,-0.21825027465820312,-0.9700344204902649,0.10677097737789154,-3.9166879653930664,1.9143636226654053,-1.9268821477890015,0.21004068851470947,0.5317498445510864,52.85926055908203,0,1,1,1,0,-153.9488525390625,123.1440658569336,-56.19931411743164,-103.41234588623047,133.87820434570312,-70.16472625732422,grab,21,2025-11-18T11:49:58.465583,my_hand_data\videos\grab_seq21_20251118_114955_658448.avi,89.7759887083643,360,90,HIGH,VIDEO_RECORDING,2025-11-18T11:49:59.738280
2025-11-18 11:49:58.481486,252,69,HandType.Left,0.5522241592407227,-155.37127685546875,185.5316925048828,-57.811805725097656,-0.2178516387939453,-0.9701828956604004,0.10623496770858765,-8.65748405456543,-1.182640790939331,0.0664023905992508,0.21024386584758759,0.5310009121894836,52.7015266418457,0,1,1,1,0,-153.95953369140625,123.16731262207031,-56.194026947021484,-103.5507583618164,133.82110595703125,-70.03170776367188,grab,21,2025-11-18T11:49:58.481486,my_hand_data\videos\grab_seq21_20251118_114955_658448.avi,89.7759887083643,360,90,HIGH,VIDEO_RECORDING,2025-11-18T11:49:59.738280
2025-11-18 11:49:58.482178,253,69,HandType.Left,0.551664412021637,-155.47988891601562,185.509033203125,-57.825767517089844,-0.21745344996452332,-0.9702605605125427,0.1063409075140953,-9.70692253112793,-2.0252814292907715,-1.2479290962219238,0.20954464375972748,0.5288405418395996,52.59565353393555,0,1,1,1,0,-153.9934844970703,123.16056060791016,-56.18698501586914,-103.68839263916016,133.7823028564453,-69.9782485961914,grab,21,2025-11-18T11:49:58.482178,my_hand_data\videos\grab_seq21_20251118_114955_658448.avi,89.7759887083643,360,90,HIGH,VIDEO_RECORDING,2025-11-18T11:49:59.738280
2025-11-18 11:49:58.513279,254,69,HandType.Left,0.5501158833503723,-155.53524780273438,185.46145629882812,-57.837745666503906,-0.21696248650550842,-0.9704360365867615,0.10574112087488174,0.3511379063129425,-1.1712560653686523,-2.0056240558624268,0.2087356597185135,0.5294069051742554,52.45532989501953,0,1,1,1,0,-153.98727416992188,123.1917495727539,-56.244300842285156,-103.81490325927734,133.71893310546875,-69.96195220947266,grab,21,2025-11-18T11:49:58.513279,my_hand_data\videos\grab_seq21_20251118_114955_658448.avi,89.7759887083643,360,90,HIGH,VIDEO_RECORDING,2025-11-18T11:49:59.738280
2025-11-18 11:49:58.513279,255,69,HandType.Left,0.5489611625671387,-155.47018432617188,185.4747772216797,-57.85237503051758,-0.21701286733150482,-0.9705178141593933,0.10488393157720566,5.912791728973389,1.2104166746139526,-1.3295994997024536,0.2096264660358429,0.528991162776947,52.24575424194336,0,1,1,1,0,-153.92446899414062,123.22368621826172,-56.2644157409668,-103.9278793334961,133.64920043945312,-69.8454818725586,grab,21,2025-11-18T11:49:58.513279,my_hand_data\videos\grab_seq21_20251118_114955_658448.avi,89.7759887083643,360,90,HIGH,VIDEO_RECORDING,2025-11-18T11:49:59.738280
2025-11-18 11:49:58.523923,256,69,HandType.Left,0.5489611625671387,-155.47018432617188,185.4747772216797,-57.85237503051758,-0.21701286733150482,-0.9705178141593933,0.10488393157720566,5.912791728973389,1.2104166746139526,-1.3295994997024536,0.2096264660358429,0.528991162776947,52.24575424194336,0,1,1,1,0,-153.92446899414062,123.22368621826172,-56.2644157409668,-103.9278793334961,133.64920043945312,-69.8454818725586,grab,21,2025-11-18T11:49:58.523923,my_hand_data\videos\grab_seq21_20251118_114955_658448.avi,89.7759887083643,360,90,HIGH,VIDEO_RECORDING,2025-11-18T11:49:59.738280
2025-11-18 11:49:58.530129,257,69,HandType.Left,0.5489611625671387,-155.47018432617188,185.4747772216797,-57.85237503051758,-0.21701286733150482,-0.9705178141593933,0.10488393157720566,5.912791728973389,1.2104166746139526,-1.3295994997024536,0.2096264660358429,0.528991162776947,52.24575424194336,0,1,1,1,0,-153.92446899414062,123.22368621826172,-56.2644157409668,-103.9278793334961,133.64920043945312,-69.8454818725586,grab,21,2025-11-18T11:49:58.530129,my_hand_data\videos\grab_seq21_20251118_114955_658448.avi,89.7759887083643,360,90,HIGH,VIDEO_RECORDING,2025-11-18T11:49:59.738280
2025-11-18 11:49:58.544605,258,69,HandType.Left,0.5467023849487305,-155.27154541015625,185.4910888671875,-57.870826721191406,-0.21800340712070465,-0.9704428315162659,0.10351411253213882,10.009997367858887,-1.4181125164031982,-0.7162182927131653,0.2085985541343689,0.5231651663780212,51.96043014526367,0,1,1,1,0,-153.7275390625,123.24132537841797,-56.24032974243164,-103.95787811279297,133.38023376464844,-69.61882019042969,grab,21,2025-11-18T11:49:58.544605,my_hand_data\videos\grab_seq21_20251118_114955_658448.avi,89.7759887083643,360,90,HIGH,VIDEO_RECORDING,2025-11-18T11:49:59.738280
2025-11-18 11:49:58.560520,259,69,HandType.Left,0.5464178323745728,-155.1797637939453,185.44808959960938,-57.87648391723633,-0.21809981763362885,-0.9704417586326599,0.10332093387842178,8.14513111114502,-3.8158864974975586,-0.5022990703582764,0.20855379104614258,0.5185863971710205,51.780052185058594,0,1,1,1,0,-153.60292053222656,123.18679809570312,-56.15461730957031,-104.03913116455078,133.217041015625,-69.45704650878906,grab,21,2025-11-18T11:49:58.560520,my_hand_data\videos\grab_seq21_20251118_114955_658448.avi,89.7759887083643,360,90,HIGH,VIDEO_RECORDING,2025-11-18T11:49:59.738280
2025-11-18 11:49:58.560520,260,69,HandType.Left,0.5456491708755493,-155.07101440429688,185.3924560546875,-57.89357376098633,-0.21865107119083405,-0.9703426957130432,0.10308623313903809,10.116753578186035,-5.175719738006592,-1.5899006128311157,0.20858491957187653,0.5143356323242188,51.582340240478516,0,1,1,1,0,-153.48837280273438,123.13279724121094,-56.12760925292969,-104.1600112915039,132.9678192138672,-69.31214141845703,grab,21,2025-11-18T11:49:58.560520,my_hand_data\videos\grab_seq21_20251118_114955_658448.avi,89.7759887083643,360,90,HIGH,VIDEO_RECORDING,2025-11-18T11:49:59.738280
2025-11-18 11:49:58.576333,261,69,HandType.Left,0.5456298589706421,-154.94976806640625,185.3025360107422,-57.947872161865234,-0.2195977121591568,-0.9701015949249268,0.10334279388189316,10.29079532623291,-7.630684852600098,-4.608047962188721,0.2083759605884552,0.5123692750930786,51.4351806640625,0,1,1,1,0,-153.36184692382812,123.08345794677734,-56.182369232177734,-104.1519775390625,132.7278594970703,-69.17230987548828,grab,21,2025-11-18T11:49:58.576333,my_hand_data\videos\grab_seq21_20251118_114955_658448.avi,89.7759887083643,360,90,HIGH,VIDEO_RECORDING,2025-11-18T11:49:59.738280
2025-11-18 11:49:58.592232,262,69,HandType.Left,0.5459213852882385,-154.87147521972656,185.22129821777344,-57.98030471801758,-0.22047652304172516,-0.9698601365089417,0.10373731702566147,7.39594030380249,-7.675326824188232,-3.063972234725952,0.20924700796604156,0.511445164680481,51.36555480957031,0,1,1,1,0,-153.2925262451172,123.03350067138672,-56.1758918762207,-104.12924194335938,132.576171875,-69.07022857666016,grab,21,2025-11-18T11:49:58.592232,my_hand_data\videos\grab_seq21_20251118_114955_658448.avi,89.7759887083643,360,90,HIGH,VIDEO_RECORDING,2025-11-18T11:49:59.738280
2025-11-18 11:49:58.598178,263,69,HandType.Left,0.5472053289413452,-154.84779357910156,185.1625213623047,-57.99430465698242,-0.22077591717243195,-0.9697643518447876,0.10399584472179413,2.1321794986724854,-5.290815830230713,-1.2604269981384277,0.21022897958755493,0.510474681854248,51.296573638916016,0,1,1,1,0,-153.2564239501953,123.00900268554688,-56.15557098388672,-104.15184783935547,132.48960876464844,-68.96996307373047,grab,21,2025-11-18T11:49:58.598178,my_hand_data\videos\grab_seq21_20251118_114955_658448.avi,89.7759887083643,360,90,HIGH,VIDEO_RECORDING,2025-11-18T11:49:59.738280
2025-11-18 11:49:58.624001,264,69,HandType.Left,0.5474461913108826,-154.8649444580078,185.05865478515625,-57.94679260253906,-0.2210042029619217,-0.9697222113609314,0.10390345752239227,-2.182809829711914,-4.992160320281982,2.774778127670288,0.21099595725536346,0.5119757652282715,51.25836181640625,0,1,1,1,0,-153.2315216064453,122.96824645996094,-56.14845657348633,-104.192626953125,132.454345703125,-68.92503356933594,grab,21,2025-11-18T11:49:58.624001,my_hand_data\videos\grab_seq21_20251118_114955_658448.avi,89.7759887083643,360,90,HIGH,VIDEO_RECORDING,2025-11-18T11:49:59.738280
2025-11-18 11:49:58.626571,265,69,HandType.Left,0.547378420829773,-154.8860321044922,185.05836486816406,-57.9256706237793,-0.2207576334476471,-0.9697604179382324,0.10407119244337082,-1.8787994384765625,-0.02638399228453636,1.8815288543701172,0.21141432225704193,0.5127949118614197,51.24176788330078,0,1,1,1,0,-153.23875427246094,123.01480102539062,-56.18071746826172,-104.19914245605469,132.47000122070312,-68.920654296875,grab,21,2025-11-18T11:49:58.626571,my_hand_data\videos\grab_seq21_20251118_114955_658448.avi,89.7759887083643,360,90,HIGH,VIDEO_RECORDING,2025-11-18T11:49:59.738280
2025-11-18 11:49:58.636051,266,69,HandType.Left,0.547378420829773,-154.8860321044922,185.05836486816406,-57.9256706237793,-0.2207576334476471,-0.9697604179382324,0.10407119244337082,-1.8787994384765625,-0.02638399228453636,1.8815288543701172,0.21141432225704193,0.5127949118614197,51.24176788330078,0,1,1,1,0,-153.23875427246094,123.01480102539062,-56.18071746826172,-104.19914245605469,132.47000122070312,-68.920654296875,grab,21,2025-11-18T11:49:58.636051,my_hand_data\videos\grab_seq21_20251118_114955_658448.avi,89.7759887083643,360,90,HIGH,VIDEO_RECORDING,2025-11-18T11:49:59.738280
2025-11-18 11:49:58.639964,267,69,HandType.Left,0.5459945797920227,-154.91018676757812,185.01953125,-57.87042999267578,-0.22081199288368225,-0.9697515368461609,0.10403839498758316,-2.197228193283081,-3.5317208766937256,5.02568244934082,0.21030490100383759,0.5141294002532959,51.28681564331055,0,1,1,1,0,-153.19578552246094,123.06877136230469,-56.15517044067383,-104.16360473632812,132.48988342285156,-69.0132064819336,grab,21,2025-11-18T11:49:58.639964,my_hand_data\videos\grab_seq21_20251118_114955_658448.avi,89.7759887083643,360,90,HIGH,VIDEO_RECORDING,2025-11-18T11:49:59.738280
2025-11-18 11:49:58.655935,268,69,HandType.Left,0.5465475916862488,-154.93775939941406,185.03627014160156,-57.83280944824219,-0.22045697271823883,-0.9698048830032349,0.10429403185844421,-2.468005657196045,1.4970592260360718,3.3662612438201904,0.20991580188274384,0.5157508254051208,51.32257843017578,0,1,1,1,0,-153.16842651367188,123.13970947265625,-56.169734954833984,-104.08177947998047,132.59170532226562,-69.06172180175781,grab,21,2025-11-18T11:49:58.655935,my_hand_data\videos\grab_seq21_20251118_114955_658448.avi,89.7759887083643,360,90,HIGH,VIDEO_RECORDING,2025-11-18T11:49:59.738280
2025-11-18 11:49:58.672942,269,69,HandType.Left,0.5457081198692322,-154.9513397216797,185.06849670410156,-57.76666259765625,-0.22036781907081604,-0.9698442816734314,0.10411597043275833,1.5090328454971313,2.5458767414093018,1.014634370803833,0.2096918672323227,0.5185474753379822,51.36014938354492,0,1,1,1,0,-153.08502197265625,123.27218627929688,-56.21903610229492,-103.95697021484375,132.7041015625,-69.11113739013672,grab,21,2025-11-18T11:49:58.672942,my_hand_data\videos\grab_seq21_20251118_114955_658448.avi,89.7759887083643,360,90,HIGH,VIDEO_RECORDING,2025-11-18T11:49:59.738280
2025-11-18 11:49:58.678388,270,69,HandType.Left,0.5457081198692322,-154.9513397216797,185.06849670410156,-57.76666259765625,-0.22036781907081604,-0.9698442816734314,0.10411597043275833,1.5090328454971313,2.5458767414093018,1.014634370803833,0.2096918672323227,0.5185474753379822,51.36014938354492,0,1,1,1,0,-153.08502197265625,123.27218627929688,-56.21903610229492,-103.95697021484375,132.7041015625,-69.11113739013672,grab,21,2025-11-18T11:49:58.678388,my_hand_data\videos\grab_seq21_20251118_114955_658448.avi,89.7759887083643,360,90,HIGH,VIDEO_RECORDING,2025-11-18T11:49:59.738280
2025-11-18 11:49:58.687812,271,69,HandType.Left,0.5457081198692322,-154.9513397216797,185.06849670410156,-57.76666259765625,-0.22036781907081604,-0.9698442816734314,0.10411597043275833,1.5090328454971313,2.5458767414093018,1.014634370803833,0.2096918672323227,0.5185474753379822,51.36014938354492,0,1,1,1,0,-153.08502197265625,123.27218627929688,-56.21903610229492,-103.95697021484375,132.7041015625,-69.11113739013672,grab,21,2025-11-18T11:49:58.687812,my_hand_data\videos\grab_seq21_20251118_114955_658448.avi,89.7759887083643,360,90,HIGH,VIDEO_RECORDING,2025-11-18T11:49:59.738280
2025-11-18 11:49:58.703571,272,69,HandType.Left,0.5461456775665283,-155.0009307861328,185.12001037597656,-57.72542953491211,-0.22047150135040283,-0.9698907732963562,0.10346084088087082,-1.5060635805130005,2.8812742233276367,-0.29517561197280884,0.21077503263950348,0.5212621092796326,51.4152717590332,0,1,1,1,0,-153.11312866210938,123.35560607910156,-56.27973175048828,-103.90113830566406,132.80923461914062,-69.15438842773438,grab,21,2025-11-18T11:49:58.703571,my_hand_data\videos\grab_seq21_20251118_114955_658448.avi,89.7759887083643,360,90,HIGH,VIDEO_RECORDING,2025-11-18T11:49:59.738280
2025-11-18 11:49:58.703571,273,69,HandType.Left,0.5462372303009033,-155.0334014892578,185.10325622558594,-57.73129653930664,-0.22041206061840057,-0.9699178338050842,0.10333394259214401,-2.9927921295166016,-1.543485164642334,-0.5402584671974182,0.210835263133049,0.5239275693893433,51.41288375854492,0,1,1,1,0,-153.14651489257812,123.37913513183594,-56.39006423950195,-103.90528869628906,132.85833740234375,-69.20653533935547,grab,21,2025-11-18T11:49:58.703571,my_hand_data\videos\grab_seq21_20251118_114955_658448.avi,89.7759887083643,360,90,HIGH,VIDEO_RECORDING,2025-11-18T11:49:59.738280
2025-11-18 11:49:58.719435,274,69,HandType.Left,0.5462372303009033,-155.0334014892578,185.10325622558594,-57.73129653930664,-0.22041206061840057,-0.9699178338050842,0.10333394259214401,-2.9927921295166016,-1.543485164642334,-0.5402584671974182,0.210835263133049,0.5239275693893433,51.41288375854492,0,1,1,1,0,-153.14651489257812,123.37913513183594,-56.39006423950195,-103.90528869628906,132.85833740234375,-69.20653533935547,grab,21,2025-11-18T11:49:58.719435,my_hand_data\videos\grab_seq21_20251118_114955_658448.avi,89.7759887083643,360,90,HIGH,VIDEO_RECORDING,2025-11-18T11:49:59.738280
2025-11-18 11:49:58.735256,275,69,HandType.Left,0.5482068657875061,-155.01974487304688,185.0987548828125,-57.8046875,-0.22051279246807098,-0.9698609709739685,0.10365224629640579,2.222971200942993,-1.3406153917312622,-2.748926877975464,0.2116539478302002,0.529526948928833,51.49032211303711,0,1,1,1,0,-153.2344207763672,123.46807861328125,-56.686279296875,-103.78153991699219,132.88507080078125,-69.36113739013672,grab,21,2025-11-18T11:49:58.735256,my_hand_data\videos\grab_seq21_20251118_114955_658448.avi,89.7759887083643,360,90,HIGH,VIDEO_RECORDING,2025-11-18T11:49:59.738280
2025-11-18 11:49:58.750980,276,69,HandType.Left,0.5465491414070129,-155.0106658935547,184.93734741210938,-57.84416198730469,-0.22089733183383942,-0.9697452783584595,0.10391568392515182,-2.134909152984619,-8.990914344787598,-1.5918320417404175,0.21074339747428894,0.5336226224899292,51.58462142944336,0,1,1,1,0,-153.19125366210938,123.4853515625,-56.810272216796875,-103.6011734008789,132.76766967773438,-69.49981689453125,grab,21,2025-11-18T11:49:58.750980,my_hand_data\videos\grab_seq21_20251118_114955_658448.avi,89.7759887083643,360,90,HIGH,VIDEO_RECORDING,2025-11-18T11:49:59.738280
2025-11-18 11:49:58.751637,277,69,HandType.Left,0.5465491414070129,-155.0106658935547,184.93734741210938,-57.84416198730469,-0.22089733183383942,-0.9697452783584595,0.10391568392515182,-2.134909152984619,-8.990914344787598,-1.5918320417404175,0.21074339747428894,0.5336226224899292,51.58462142944336,0,1,1,1,0,-153.19125366210938,123.4853515625,-56.810272216796875,-103.6011734008789,132.76766967773438,-69.49981689453125,grab,21,2025-11-18T11:49:58.751637,my_hand_data\videos\grab_seq21_20251118_114955_658448.avi,89.7759887083643,360,90,HIGH,VIDEO_RECORDING,2025-11-18T11:49:59.738280
2025-11-18 11:49:58.766920,278,69,HandType.Left,0.5470895767211914,-154.97227478027344,184.89500427246094,-57.790531158447266,-0.2209218144416809,-0.969736635684967,0.10394415259361267,3.474461317062378,-3.8314096927642822,4.852697372436523,0.21098928153514862,0.534305214881897,51.589839935302734,0,1,1,1,0,-153.16136169433594,123.4521713256836,-56.79615020751953,-103.54280090332031,132.7209930419922,-69.41358947753906,grab,21,2025-11-18T11:49:58.766920,my_hand_data\videos\grab_seq21_20251118_114955_658448.avi,89.7759887083643,360,90,HIGH,VIDEO_RECORDING,2025-11-18T11:49:59.738280
2025-11-18 11:49:58.782788,279,69,HandType.Left,0.5474222302436829,-154.9585418701172,184.89450073242188,-57.783164978027344,-0.22093233466148376,-0.9697149991989136,0.10412337630987167,1.2494767904281616,-0.04671996831893921,0.6700142025947571,0.2107638418674469,0.5354541540145874,51.596885681152344,0,1,1,1,0,-153.16290283203125,123.47591400146484,-56.836673736572266,-103.50696563720703,132.72154235839844,-69.37661743164062,grab,21,2025-11-18T11:49:58.782788,my_hand_data\videos\grab_seq21_20251118_114955_658448.avi,89.7759887083643,360,90,HIGH,VIDEO_RECORDING,2025-11-18T11:49:59.738280
2025-11-18 11:49:58.787312,280,69,HandType.Left,0.5478556156158447,-154.9164276123047,184.89662170410156,-57.77470397949219,-0.2208227515220642,-0.9697248935699463,0.10426361113786697,3.711500644683838,0.18696323037147522,0.7457401752471924,0.21125632524490356,0.5360036492347717,51.59342575073242,0,1,1,1,0,-153.1507568359375,123.4960708618164,-56.86408233642578,-103.47239685058594,132.7240753173828,-69.32978820800781,grab,21,2025-11-18T11:49:58.787312,my_hand_data\videos\grab_seq21_20251118_114955_658448.avi,89.7759887083643,360,90,HIGH,VIDEO_RECORDING,2025-11-18T11:49:59.738280
2025-11-18 11:49:58.798520,281,69,HandType.Left,0.5487154722213745,-154.8792724609375,184.93995666503906,-57.7650146484375,-0.22097261250019073,-0.9696840643882751,0.1043257787823677,3.335118055343628,3.8901138305664062,0.8699197769165039,0.21117720007896423,0.53708416223526,51.61452102661133,0,1,1,1,0,-153.12364196777344,123.55963134765625,-56.89750671386719,-103.41397094726562,132.78907775878906,-69.32288360595703,grab,21,2025-11-18T11:49:58.798520,my_hand_data\videos\grab_seq21_20251118_114955_658448.avi,89.7759887083643,360,90,HIGH,VIDEO_RECORDING,2025-11-18T11:49:59.738280
2025-11-18 11:49:58.815104,282,69,HandType.Left,0.5487679243087769,-154.82200622558594,184.9706268310547,-57.761478424072266,-0.22103983163833618,-0.9696815013885498,0.10420732200145721,5.220748424530029,2.796884775161743,0.3221634328365326,0.21182610094547272,0.5368438363075256,51.58323287963867,0,1,1,1,0,-153.04981994628906,123.61286926269531,-56.89712142944336,-103.36781311035156,132.81797790527344,-69.29076385498047,grab,21,2025-11-18T11:49:58.815104,my_hand_data\videos\grab_seq21_20251118_114955_658448.avi,89.7759887083643,360,90,HIGH,VIDEO_RECORDING,2025-11-18T11:49:59.738280
2025-11-18 11:49:58.819673,283,69,HandType.Left,0.5479193925857544,-154.73060607910156,185.0142822265625,-57.784523010253906,-0.2214152216911316,-0.9696109890937805,0.10406667739152908,8.041131973266602,3.8398842811584473,-2.0273053646087646,0.21187448501586914,0.53660649061203,51.55882263183594,0,1,1,1,0,-152.96905517578125,123.65516662597656,-56.93075180053711,-103.31280517578125,132.84915161132812,-69.30300903320312,grab,21,2025-11-18T11:49:58.819673,my_hand_data\videos\grab_seq21_20251118_114955_658448.avi,89.7759887083643,360,90,HIGH,VIDEO_RECORDING,2025-11-18T11:49:59.738280
2025-11-18 11:49:58.830917,284,69,HandType.Left,0.548095703125,-154.69091796875,185.05868530273438,-57.75529861450195,-0.22158443927764893,-0.9696285128593445,0.10354147851467133,3.662317991256714,4.098462104797363,2.697349786758423,0.21234075725078583,0.5376109480857849,51.531497955322266,0,1,1,1,0,-152.949951171875,123.7105941772461,-56.99006271362305,-103.29795837402344,132.88055419921875,-69.27381134033203,grab,21,2025-11-18T11:49:58.830917,my_hand_data\videos\grab_seq21_20251118_114955_658448.avi,89.7759887083643,360,90,HIGH,VIDEO_RECORDING,2025-11-18T11:49:59.738280
2025-11-18 11:49:58.846788,285,69,HandType.Left,0.5482951998710632,-154.64903259277344,185.11883544921875,-57.73908996582031,-0.22183017432689667,-0.9696339964866638,0.10296235233545303,3.7689380645751953,5.411099910736084,1.4582182168960571,0.2130666971206665,0.5386355519294739,51.54667282104492,0,1,1,1,0,-152.95693969726562,123.77446746826172,-57.06009292602539,-103.26067352294922,132.9373779296875,-69.25535583496094,grab,21,2025-11-18T11:49:58.846788,my_hand_data\videos\grab_seq21_20251118_114955_658448.avi,89.7759887083643,360,90,HIGH,VIDEO_RECORDING,2025-11-18T11:49:59.738280
2025-11-18 11:49:58.852207,286,69,HandType.Left,0.5484784841537476,-154.64820861816406,185.16207885742188,-57.669715881347656,-0.221718430519104,-0.9698159098625183,0.10147914290428162,0.07218848913908005,3.7962775230407715,6.090146541595459,0.21393044292926788,0.5392243266105652,51.532833099365234,0,1,1,1,0,-152.9622039794922,123.8193130493164,-57.079673767089844,-103.2614974975586,132.98951721191406,-69.20398712158203,grab,21,2025-11-18T11:49:58.852207,my_hand_data\videos\grab_seq21_20251118_114955_658448.avi,89.7759887083643,360,90,HIGH,VIDEO_RECORDING,2025-11-18T11:49:59.738280
2025-11-18 11:49:58.878851,287,69,HandType.Left,0.5493147969245911,-154.67005920410156,185.3604278564453,-57.640445709228516,-0.2219472974538803,-0.9698799848556519,0.1003604531288147,-2.7310984134674072,10.563989639282227,-0.8292621970176697,0.21552500128746033,0.5427560806274414,51.60586929321289,0,1,1,1,0,-153.06153869628906,124.00879669189453,-57.21053695678711,-103.24881744384766,133.19290161132812,-69.22491455078125,grab,21,2025-11-18T11:49:58.878851,my_hand_data\videos\grab_seq21_20251118_114955_658448.avi,89.7759887083643,360,90,HIGH,VIDEO_RECORDING,2025-11-18T11:49:59.738280
2025-11-18 11:49:58.883665,288,69,HandType.Left,0.54952472448349,-154.69744873046875,185.5126190185547,-57.67232131958008,-0.22217778861522675,-0.9698718786239624,0.09992758184671402,-2.504094362258911,13.908792495727539,-2.91260027885437,0.21551413834095,0.5434271097183228,51.65554428100586,0,1,1,1,0,-153.10633850097656,124.14225769042969,-57.29115295410156,-103.25123596191406,133.37294006347656,-69.3135986328125,grab,21,2025-11-18T11:49:58.883665,my_hand_data\videos\grab_seq21_20251118_114955_658448.avi,89.7759887083643,360,90,HIGH,VIDEO_RECORDING,2025-11-18T11:49:59.738280
2025-11-18 11:49:58.886741,289,69,HandType.Left,0.54952472448349,-154.69744873046875,185.5126190185547,-57.67232131958008,-0.22217778861522675,-0.9698718786239624,0.09992758184671402,-2.504094362258911,13.908792495727539,-2.91260027885437,0.21551413834095,0.5434271097183228,51.65554428100586,0,1,1,1,0,-153.10633850097656,124.14225769042969,-57.29115295410156,-103.25123596191406,133.37294006347656,-69.3135986328125,grab,21,2025-11-18T11:49:58.886741,my_hand_data\videos\grab_seq21_20251118_114955_658448.avi,89.7759887083643,360,90,HIGH,VIDEO_RECORDING,2025-11-18T11:49:59.738280
2025-11-18 11:49:58.910402,290,69,HandType.Left,0.54886394739151,-154.71670532226562,185.46392822265625,-57.71641159057617,-0.22292061150074005,-0.9698521494865417,0.09845398366451263,-1.9788038730621338,-6.198353290557861,-2.677790403366089,0.2155303955078125,0.544107973575592,51.794166564941406,0,1,1,1,0,-153.06100463867188,124.05567169189453,-57.32195281982422,-103.1603775024414,133.46449279785156,-69.56059265136719,grab,21,2025-11-18T11:49:58.910402,my_hand_data\videos\grab_seq21_20251118_114955_658448.avi,89.7759887083643,360,90,HIGH,VIDEO_RECORDING,2025-11-18T11:49:59.738280
2025-11-18 11:49:58.914082,291,69,HandType.Left,0.54886394739151,-154.71670532226562,185.46392822265625,-57.71641159057617,-0.22292061150074005,-0.9698521494865417,0.09845398366451263,-1.9788038730621338,-6.198353290557861,-2.677790403366089,0.2155303955078125,0.544107973575592,51.794166564941406,0,1,1,1,0,-153.06100463867188,124.05567169189453,-57.32195281982422,-103.1603775024414,133.46449279785156,-69.56059265136719,grab,21,2025-11-18T11:49:58.914082,my_hand_data\videos\grab_seq21_20251118_114955_658448.avi,89.7759887083643,360,90,HIGH,VIDEO_RECORDING,2025-11-18T11:49:59.738280
2025-11-18 11:49:58.920388,292,69,HandType.Left,0.5487692356109619,-154.76622009277344,185.36424255371094,-57.708106994628906,-0.22282826900482178,-0.9699460864067078,0.09773526340723038,-4.410181522369385,-8.877537727355957,0.7398025989532471,0.21532972157001495,0.544590175151825,51.83177947998047,0,1,1,1,0,-153.05316162109375,123.96002197265625,-57.32765197753906,-103.15228271484375,133.4591827392578,-69.64273071289062,grab,21,2025-11-18T11:49:58.920388,my_hand_data\videos\grab_seq21_20251118_114955_658448.avi,89.7759887083643,360,90,HIGH,VIDEO_RECORDING,2025-11-18T11:49:59.738280
2025-11-18 11:49:58.942184,293,69,HandType.Left,0.5464807748794556,-154.87399291992188,185.1170654296875,-57.653404235839844,-0.22285209596157074,-0.9700932502746582,0.09620840102434158,-2.5719902515411377,-11.683406829833984,2.988189935684204,0.215294748544693,0.541702151298523,51.77936935424805,0,1,1,1,0,-153.01744079589844,123.69739532470703,-57.245826721191406,-103.23473358154297,133.27442932128906,-69.62728881835938,grab,21,2025-11-18T11:49:58.942184,my_hand_data\videos\grab_seq21_20251118_114955_658448.avi,89.7759887083643,360,90,HIGH,VIDEO_RECORDING,2025-11-18T11:49:59.738280
2025-11-18 11:49:58.947061,294,69,HandType.Left,0.5464807748794556,-154.87399291992188,185.1170654296875,-57.653404235839844,-0.22285209596157074,-0.9700932502746582,0.09620840102434158,-2.5719902515411377,-11.683406829833984,2.988189935684204,0.215294748544693,0.541702151298523,51.77936935424805,0,1,1,1,0,-153.01744079589844,123.69739532470703,-57.245826721191406,-103.23473358154297,133.27442932128906,-69.62728881835938,grab,21,2025-11-18T11:49:58.947061,my_hand_data\videos\grab_seq21_20251118_114955_658448.avi,89.7759887083643,360,90,HIGH,VIDEO_RECORDING,2025-11-18T11:49:59.738280
2025-11-18 11:49:58.952984,295,69,HandType.Left,0.5455735325813293,-154.88360595703125,185.0039520263672,-57.630130767822266,-0.22266624867916107,-0.9702029824256897,0.09552968293428421,-0.845880389213562,-9.946579933166504,2.0464460849761963,0.21552340686321259,0.5388597249984741,51.75767517089844,0,1,1,1,0,-153.00482177734375,123.56050872802734,-57.20113754272461,-103.26394653320312,133.15423583984375,-69.59573364257812,grab,21,2025-11-18T11:49:58.952984,my_hand_data\videos\grab_seq21_20251118_114955_658448.avi,89.7759887083643,360,90,HIGH,VIDEO_RECORDING,2025-11-18T11:49:59.738280
2025-11-18 11:49:58.973091,296,69,HandType.Left,0.5458603501319885,-154.87969970703125,184.83480834960938,-57.58470153808594,-0.2218782901763916,-0.9704576134681702,0.09477350115776062,2.0257866382598877,-7.627656936645508,1.1532118320465088,0.21678759157657623,0.53466796875,51.70369338989258,0,1,1,1,0,-152.96568298339844,123.33837890625,-57.10285949707031,-103.31669616699219,132.986572265625,-69.52110290527344,grab,21,2025-11-18T11:49:58.973091,my_hand_data\videos\grab_seq21_20251118_114955_658448.avi,89.7759887083643,360,90,HIGH,VIDEO_RECORDING,2025-11-18T11:49:59.738280
2025-11-18 11:49:58.980313,297,69,HandType.Left,0.5458603501319885,-154.87969970703125,184.83480834960938,-57.58470153808594,-0.2218782901763916,-0.9704576134681702,0.09477350115776062,2.0257866382598877,-7.627656936645508,1.1532118320465088,0.21678759157657623,0.53466796875,51.70369338989258,0,1,1,1,0,-152.96568298339844,123.33837890625,-57.10285949707031,-103.31669616699219,132.986572265625,-69.52110290527344,grab,21,2025-11-18T11:49:58.980313,my_hand_data\videos\grab_seq21_20251118_114955_658448.avi,89.7759887083643,360,90,HIGH,VIDEO_RECORDING,2025-11-18T11:49:59.738280
2025-11-18 11:49:58.986759,298,69,HandType.Left,0.5459184050559998,-154.80821228027344,184.78517150878906,-57.605533599853516,-0.22169752418994904,-0.9705116748809814,0.09464304894208908,6.350939750671387,-4.409961223602295,-1.8508304357528687,0.2176176756620407,0.5338397026062012,51.661651611328125,0,1,1,1,0,-152.87132263183594,123.26409912109375,-57.09224319458008,-103.2907943725586,132.93382263183594,-69.51806640625,grab,21,2025-11-18T11:49:58.986759,my_hand_data\videos\grab_seq21_20251118_114955_658448.avi,89.7759887083643,360,90,HIGH,VIDEO_RECORDING,2025-11-18T11:49:59.738280
2025-11-18 11:49:59.005090,299,69,HandType.Left,0.5457291007041931,-154.7306671142578,184.73870849609375,-57.630699157714844,-0.2217179387807846,-0.9705157279968262,0.09455335140228271,7.102477550506592,-4.255572319030762,-2.304992914199829,0.2181149423122406,0.5338826179504395,51.612815856933594,0,1,1,1,0,-152.7481231689453,123.21054077148438,-57.099788665771484,-103.23676300048828,132.8872528076172,-69.50996398925781,grab,21,2025-11-18T11:49:59.005090,my_hand_data\videos\grab_seq21_20251118_114955_658448.avi,89.7759887083643,360,90,HIGH,VIDEO_RECORDING,2025-11-18T11:49:59.738280
2025-11-18 11:49:59.005090,300,69,HandType.Left,0.5454757809638977,-154.67730712890625,184.70083618164062,-57.67950439453125,-0.2216888815164566,-0.9705188274383545,0.09458981454372406,4.72502326965332,-3.3521103858947754,-4.320404529571533,0.21869075298309326,0.5326693654060364,51.54307556152344,0,1,1,1,0,-152.68553161621094,123.17082214355469,-57.09771728515625,-103.2520523071289,132.8075408935547,-69.4826431274414,grab,21,2025-11-18T11:49:59.005090,my_hand_data\videos\grab_seq21_20251118_114955_658448.avi,89.7759887083643,360,90,HIGH,VIDEO_RECORDING,2025-11-18T11:49:59.738280
2025-11-18 11:49:59.021028,301,69,HandType.Left,0.5447537302970886,-154.58680725097656,184.69512939453125,-57.728965759277344,-0.22176134586334229,-0.9705254435539246,0.09435193240642548,8.204728126525879,-0.5172450542449951,-4.484351634979248,0.21961386501789093,0.5306942462921143,51.44273376464844,0,1,1,1,0,-152.60855102539062,123.1729736328125,-57.14219665527344,-103.30770874023438,132.7337188720703,-69.47809600830078,grab,21,2025-11-18T11:49:59.021028,my_hand_data\videos\grab_seq21_20251118_114955_658448.avi,89.7759887083643,360,90,HIGH,VIDEO_RECORDING,2025-11-18T11:49:59.738280
2025-11-18 11:49:59.021028,302,69,HandType.Left,0.5443282723426819,-154.50314331054688,184.6922149658203,-57.786346435546875,-0.221832737326622,-0.9705179929733276,0.09426069259643555,7.776938438415527,-0.2704479396343231,-5.334204196929932,0.21965841948986053,0.528069019317627,51.349082946777344,0,1,1,1,0,-152.52896118164062,123.17543029785156,-57.18023681640625,-103.341796875,132.60418701171875,-69.44677734375,grab,21,2025-11-18T11:49:59.021028,my_hand_data\videos\grab_seq21_20251118_114955_658448.avi,89.7759887083643,360,90,HIGH,VIDEO_RECORDING,2025-11-18T11:49:59.738280
2025-11-18 11:49:59.052457,303,69,HandType.Left,0.5432686805725098,-154.48126220703125,184.80992126464844,-57.90974807739258,-0.22232374548912048,-0.9704662561416626,0.09363438189029694,-1.355513095855713,7.1949381828308105,-5.9849853515625,0.22050794959068298,0.5200191736221313,50.93633270263672,0,1,1,1,0,-152.42808532714844,123.36925506591797,-57.197879791259766,-103.75873565673828,132.33734130859375,-69.25515747070312,grab,21,2025-11-18T11:49:59.052457,my_hand_data\videos\grab_seq21_20251118_114955_658448.avi,89.7759887083643,360,90,HIGH,VIDEO_RECORDING,2025-11-18T11:49:59.738280
2025-11-18 11:49:59.052457,304,69,HandType.Left,0.5432686805725098,-154.48126220703125,184.80992126464844,-57.90974807739258,-0.22232374548912048,-0.9704662561416626,0.09363438189029694,-1.355513095855713,7.1949381828308105,-5.9849853515625,0.22050794959068298,0.5200191736221313,50.93633270263672,0,1,1,1,0,-152.42808532714844,123.36925506591797,-57.197879791259766,-103.75873565673828,132.33734130859375,-69.25515747070312,grab,21,2025-11-18T11:49:59.052457,my_hand_data\videos\grab_seq21_20251118_114955_658448.avi,89.7759887083643,360,90,HIGH,VIDEO_RECORDING,2025-11-18T11:49:59.738280
2025-11-18 11:49:59.068196,305,69,HandType.Left,0.5418202877044678,-154.48223876953125,184.89321899414062,-57.98191833496094,-0.22346733510494232,-0.9703011512756348,0.09261740744113922,-0.08796385675668716,7.437843322753906,-6.442978858947754,0.22102533280849457,0.509157657623291,50.429080963134766,0,1,1,1,0,-152.4082794189453,123.48279571533203,-57.121238708496094,-104.18260192871094,132.0719451904297,-69.10467529296875,grab,21,2025-11-18T11:49:59.068196,my_hand_data\videos\grab_seq21_20251118_114955_658448.avi,89.7759887083643,360,90,HIGH,VIDEO_RECORDING,2025-11-18T11:49:59.738280
2025-11-18 11:49:59.083983,306,69,HandType.Left,0.5376129150390625,-154.42816162109375,185.0583038330078,-58.22406768798828,-0.22541587054729462,-0.9699631929397583,0.09142798185348511,5.780788421630859,7.2830095291137695,-13.904454231262207,0.22413259744644165,0.4821714162826538,49.19184112548828,0,1,1,1,0,-152.3440704345703,123.6385726928711,-56.99281692504883,-105.17406463623047,131.57949829101562,-68.4719009399414,grab,21,2025-11-18T11:49:59.083983,my_hand_data\videos\grab_seq21_20251118_114955_658448.avi,89.7759887083643,360,90,HIGH,VIDEO_RECORDING,2025-11-18T11:49:59.738280
2025-11-18 11:49:59.084811,307,69,HandType.Left,0.5376129150390625,-154.42816162109375,185.0583038330078,-58.22406768798828,-0.22541587054729462,-0.9699631929397583,0.09142798185348511,5.780788421630859,7.2830095291137695,-13.904454231262207,0.22413259744644165,0.4821714162826538,49.19184112548828,0,1,1,1,0,-152.3440704345703,123.6385726928711,-56.99281692504883,-105.17406463623047,131.57949829101562,-68.4719009399414,grab,21,2025-11-18T11:49:59.084811,my_hand_data\videos\grab_seq21_20251118_114955_658448.avi,89.7759887083643,360,90,HIGH,VIDEO_RECORDING,2025-11-18T11:49:59.738280
2025-11-18 11:49:59.100011,308,69,HandType.Left,0.5360270738601685,-154.4096221923828,185.2169952392578,-58.373321533203125,-0.2277800291776657,-0.9694386720657349,0.09113160520792007,1.6355359554290771,13.998228073120117,-13.165283203125,0.22377200424671173,0.4753188490867615,48.781044006347656,0,0,1,1,0,-152.35218811035156,123.81391143798828,-56.99153518676758,-105.51526641845703,131.4554901123047,-68.28309631347656,grab,21,2025-11-18T11:49:59.100011,my_hand_data\videos\grab_seq21_20251118_114955_658448.avi,89.7759887083643,360,90,HIGH,VIDEO_RECORDING,2025-11-18T11:49:59.738280
2025-11-18 11:49:59.115794,309,69,HandType.Left,0.5343303680419922,-154.44058227539062,185.28070068359375,-58.46658706665039,-0.23053856194019318,-0.9687526822090149,0.09148862957954407,-2.6880149841308594,5.531407356262207,-8.098581314086914,0.22085702419281006,0.4672221839427948,48.45028305053711,0,0,1,1,0,-152.41734313964844,123.94833374023438,-57.023128509521484,-105.84709930419922,131.30322265625,-68.1832275390625,grab,21,2025-11-18T11:49:59.115794,my_hand_data\videos\grab_seq21_20251118_114955_658448.avi,89.7759887083643,360,90,HIGH,VIDEO_RECORDING,2025-11-18T11:49:59.738280
2025-11-18 11:49:59.120493,310,69,HandType.Left,0.5329097509384155,-154.48150634765625,185.2816162109375,-58.53248596191406,-0.23283860087394714,-0.9680693745613098,0.09288657456636429,-3.9007039070129395,0.087014339864254,-6.2816481590271,0.21712017059326172,0.4654920697212219,48.379940032958984,0,0,1,1,0,-152.43727111816406,124.05213928222656,-57.07529067993164,-105.91265106201172,131.20425415039062,-68.2522964477539,grab,21,2025-11-18T11:49:59.120493,my_hand_data\videos\grab_seq21_20251118_114955_658448.avi,89.7759887083643,360,90,HIGH,VIDEO_RECORDING,2025-11-18T11:49:59.738280
2025-11-18 11:49:59.131695,311,69,HandType.Left,0.5327810645103455,-154.52574157714844,185.26632690429688,-58.5683479309082,-0.23383590579032898,-0.9677178263664246,0.09403727203607559,-3.8609986305236816,-1.3341909646987915,-3.1299195289611816,0.2147383689880371,0.4644509255886078,48.37318420410156,0,0,1,1,0,-152.4740753173828,124.10102844238281,-57.12221145629883,-105.9402847290039,131.16348266601562,-68.28881072998047,grab,21,2025-11-18T11:49:59.131695,my_hand_data\videos\grab_seq21_20251118_114955_658448.avi,89.7759887083643,360,90,HIGH,VIDEO_RECORDING,2025-11-18T11:49:59.738280
2025-11-18 11:49:59.147504,312,69,HandType.Left,0.532507598400116,-154.57534790039062,185.2423095703125,-58.592472076416016,-0.23450502753257751,-0.9675045013427734,0.09456433355808258,-4.656476020812988,-2.2545580863952637,-2.264136791229248,0.2139362245798111,0.46393126249313354,48.34353256225586,0,0,1,1,0,-152.4930877685547,124.12657165527344,-57.13252639770508,-105.98540496826172,131.13778686523438,-68.31177520751953,grab,21,2025-11-18T11:49:59.147504,my_hand_data\videos\grab_seq21_20251118_114955_658448.avi,89.7759887083643,360,90,HIGH,VIDEO_RECORDING,2025-11-18T11:49:59.738280
2025-11-18 11:49:59.149105,313,69,HandType.Left,0.5321202278137207,-154.61326599121094,185.18284606933594,-58.58015823364258,-0.23497816920280457,-0.967376708984375,0.09469736367464066,-3.3480374813079834,-5.250193119049072,1.0871866941452026,0.21473079919815063,0.4648458659648895,48.233238220214844,0,0,1,1,0,-152.41787719726562,124.14192962646484,-57.1063346862793,-106.01851654052734,131.07737731933594,-68.30652618408203,grab,21,2025-11-18T11:49:59.149105,my_hand_data\videos\grab_seq21_20251118_114955_658448.avi,89.7759887083643,360,90,HIGH,VIDEO_RECORDING,2025-11-18T11:49:59.738280
2025-11-18 11:49:59.163161,314,69,HandType.Left,0.5319472551345825,-154.64479064941406,185.12875366210938,-58.531646728515625,-0.23510685563087463,-0.9673265218734741,0.09489022940397263,-2.9025206565856934,-4.981119155883789,4.466846466064453,0.21461309492588043,0.4650244116783142,48.11073684692383,0,0,1,1,0,-152.32363891601562,124.1423568725586,-57.034542083740234,-106.06117248535156,131.03863525390625,-68.29814147949219,grab,21,2025-11-18T11:49:59.163161,my_hand_data\videos\grab_seq21_20251118_114955_658448.avi,89.7759887083643,360,90,HIGH,VIDEO_RECORDING,2025-11-18T11:49:59.738280
2025-11-18 11:49:59.178848,315,69,HandType.Left,0.5319227576255798,-154.6842803955078,185.06671142578125,-58.453269958496094,-0.2352687120437622,-0.9672762751579285,0.09500106424093246,-3.5149741172790527,-5.521695613861084,6.975687026977539,0.21418699622154236,0.4648023247718811,48.08150100708008,0,0,1,1,0,-152.3273162841797,124.10871887207031,-56.927825927734375,-106.09440612792969,130.9695281982422,-68.20957946777344,grab,21,2025-11-18T11:49:59.178848,my_hand_data\videos\grab_seq21_20251118_114955_658448.avi,89.7759887083643,360,90,HIGH,VIDEO_RECORDING,2025-11-18T11:49:59.738280
2025-11-18 11:49:59.184365,316,69,HandType.Left,0.5319486260414124,-154.72293090820312,185.02842712402344,-58.37825012207031,-0.2352384626865387,-0.9672832489013672,0.09500527381896973,-3.3868002891540527,-3.353588581085205,6.573773384094238,0.21396540105342865,0.46544548869132996,48.07233428955078,0,0,1,1,0,-152.35459899902344,124.09709930419922,-56.85222244262695,-106.13513946533203,130.9547119140625,-68.15196228027344,grab,21,2025-11-18T11:49:59.184365,my_hand_data\videos\grab_seq21_20251118_114955_658448.avi,89.7759887083643,360,90,HIGH,VIDEO_RECORDING,2025-11-18T11:49:59.738280
2025-11-18 11:49:59.210592,317,69,HandType.Left,0.5319564342498779,-154.7248077392578,185.09527587890625,-58.28811264038086,-0.23544445633888245,-0.9672335386276245,0.09500130265951157,1.544421911239624,3.6420528888702393,3.717289447784424,0.2142600417137146,0.4662645757198334,48.05828857421875,0,0,1,1,0,-152.3821563720703,124.18519592285156,-56.795040130615234,-106.16812133789062,131.0049591064453,-68.08011627197266,grab,21,2025-11-18T11:49:59.210592,my_hand_data\videos\grab_seq21_20251118_114955_658448.avi,89.7759887083643,360,90,HIGH,VIDEO_RECORDING,2025-11-18T11:49:59.738280
2025-11-18 11:49:59.212422,318,69,HandType.Left,0.5319564342498779,-154.7248077392578,185.09527587890625,-58.28811264038086,-0.23544445633888245,-0.9672335386276245,0.09500130265951157,1.544421911239624,3.6420528888702393,3.717289447784424,0.2142600417137146,0.4662645757198334,48.05828857421875,0,0,1,1,0,-152.3821563720703,124.18519592285156,-56.795040130615234,-106.16812133789062,131.0049591064453,-68.08011627197266,grab,21,2025-11-18T11:49:59.212422,my_hand_data\videos\grab_seq21_20251118_114955_658448.avi,89.7759887083643,360,90,HIGH,VIDEO_RECORDING,2025-11-18T11:49:59.738280
2025-11-18 11:49:59.212422,319,69,HandType.Left,0.5319086909294128,-154.7340545654297,185.16455078125,-58.268829345703125,-0.2356351613998413,-0.9672004580497742,0.09486500918865204,-0.8204543590545654,6.151333808898926,1.7124483585357666,0.21451930701732635,0.46553826332092285,48.08809280395508,0,0,1,1,0,-152.43138122558594,124.21129608154297,-56.78419494628906,-106.17774963378906,131.05838012695312,-68.01734161376953,grab,21,2025-11-18T11:49:59.212422,my_hand_data\videos\grab_seq21_20251118_114955_658448.avi,89.7759887083643,360,90,HIGH,VIDEO_RECORDING,2025-11-18T11:49:59.738280
2025-11-18 11:49:59.242479,320,69,HandType.Left,0.532548189163208,-154.78842163085938,185.23907470703125,-58.19673156738281,-0.2349850833415985,-0.9673917889595032,0.09452593326568604,-3.4482829570770264,4.251993179321289,1.6228537559509277,0.21295230090618134,0.4641597867012024,48.168243408203125,0,0,1,1,0,-152.52134704589844,124.2280044555664,-56.875057220458984,-106.16436004638672,131.2303009033203,-67.9284439086914,grab,21,2025-11-18T11:49:59.242479,my_hand_data\videos\grab_seq21_20251118_114955_658448.avi,89.7759887083643,360,90,HIGH,VIDEO_RECORDING,2025-11-18T11:49:59.738280
2025-11-18 11:49:59.247726,321,69,HandType.Left,0.532548189163208,-154.78842163085938,185.23907470703125,-58.19673156738281,-0.2349850833415985,-0.9673917889595032,0.09452593326568604,-3.4482829570770264,4.251993179321289,1.6228537559509277,0.21295230090618134,0.4641597867012024,48.168243408203125,0,0,1,1,0,-152.52134704589844,124.2280044555664,-56.875057220458984,-106.16436004638672,131.2303009033203,-67.9284439086914,grab,21,2025-11-18T11:49:59.247726,my_hand_data\videos\grab_seq21_20251118_114955_658448.avi,89.7759887083643,360,90,HIGH,VIDEO_RECORDING,2025-11-18T11:49:59.738280
2025-11-18 11:49:59.252819,322,69,HandType.Left,0.5336104035377502,-154.81668090820312,185.25047302246094,-58.17631149291992,-0.2338511198759079,-0.9676809310913086,0.09437849372625351,-2.5834438800811768,1.0419559478759766,1.8670835494995117,0.21403546631336212,0.4652269780635834,48.205894470214844,0,0,1,1,0,-152.5563201904297,124.22103881835938,-56.91163635253906,-106.16552734375,131.30715942382812,-67.9338607788086,grab,21,2025-11-18T11:49:59.252819,my_hand_data\videos\grab_seq21_20251118_114955_658448.avi,89.7759887083643,360,90,HIGH,VIDEO_RECORDING,2025-11-18T11:49:59.738280
2025-11-18 11:49:59.274214,323,69,HandType.Left,0.5336206555366516,-154.8162078857422,185.41778564453125,-58.16885757446289,-0.23252025246620178,-0.968252956867218,0.09176380932331085,-2.2798409461975098,10.248139381408691,-0.44937264919281006,0.21513891220092773,0.46579432487487793,48.197532653808594,0,0,1,1,0,-152.5773162841797,124.31441497802734,-57.0335693359375,-106.1947250366211,131.4858856201172,-67.99839782714844,grab,21,2025-11-18T11:49:59.274214,my_hand_data\videos\grab_seq21_20251118_114955_658448.avi,89.7759887083643,360,90,HIGH,VIDEO_RECORDING,2025-11-18T11:49:59.738280
2025-11-18 11:49:59.276677,324,69,HandType.Left,0.5336206555366516,-154.8162078857422,185.41778564453125,-58.16885757446289,-0.23252025246620178,-0.968252956867218,0.09176380932331085,-2.2798409461975098,10.248139381408691,-0.44937264919281006,0.21513891220092773,0.46579432487487793,48.197532653808594,0,0,1,1,0,-152.5773162841797,124.31441497802734,-57.0335693359375,-106.1947250366211,131.4858856201172,-67.99839782714844,grab,21,2025-11-18T11:49:59.276677,my_hand_data\videos\grab_seq21_20251118_114955_658448.avi,89.7759887083643,360,90,HIGH,VIDEO_RECORDING,2025-11-18T11:49:59.738280
2025-11-18 11:49:59.280172,325,69,HandType.Left,0.5356162786483765,-154.86363220214844,185.5358428955078,-58.20258712768555,-0.23210056126117706,-0.9684319496154785,0.09093338251113892,-4.216921329498291,10.498085021972656,-2.9990482330322266,0.21528927981853485,0.4666406214237213,48.2471809387207,0,0,1,1,0,-152.62225341796875,124.43389892578125,-57.113426208496094,-106.17867279052734,131.6044921875,-68.03894805908203,grab,21,2025-11-18T11:49:59.280172,my_hand_data\videos\grab_seq21_20251118_114955_658448.avi,89.7759887083643,360,90,HIGH,VIDEO_RECORDING,2025-11-18T11:49:59.738280
2025-11-18 11:49:59.305793,326,69,HandType.Left,0.536485493183136,-154.94277954101562,185.61387634277344,-58.2379150390625,-0.23109281063079834,-0.9687790274620056,0.08979611843824387,-7.220342636108398,7.119238376617432,-3.222827434539795,0.21585288643836975,0.46573296189308167,48.14433288574219,0,0,1,1,0,-152.66580200195312,124.54846954345703,-57.17853927612305,-106.30879211425781,131.6651153564453,-68.05318450927734,grab,21,2025-11-18T11:49:59.305793,my_hand_data\videos\grab_seq21_20251118_114955_658448.avi,89.7759887083643,360,90,HIGH,VIDEO_RECORDING,2025-11-18T11:49:59.738280
2025-11-18 11:49:59.312561,327,69,HandType.Left,0.5369454026222229,-155.0395050048828,185.6741180419922,-58.307552337646484,-0.23072442412376404,-0.9689041376113892,0.08939214795827866,-8.727267265319824,5.435474872589111,-6.284015655517578,0.21547196805477142,0.46444353461265564,48.084930419921875,0,0,1,1,0,-152.7379913330078,124.6237564086914,-57.236751556396484,-106.43367004394531,131.71939086914062,-68.08673858642578,grab,21,2025-11-18T11:49:59.312561,my_hand_data\videos\grab_seq21_20251118_114955_658448.avi,89.7759887083643,360,90,HIGH,VIDEO_RECORDING,2025-11-18T11:49:59.738280
2025-11-18 11:49:59.312561,328,69,HandType.Left,0.537120521068573,-155.142822265625,185.73309326171875,-58.377525329589844,-0.23048977553844452,-0.9690074324607849,0.08887680619955063,-9.09386920928955,5.190774917602539,-6.158864498138428,0.21523916721343994,0.4637768268585205,48.032901763916016,0,0,1,1,0,-152.82159423828125,124.6969985961914,-57.30619430541992,-106.56129455566406,131.7754364013672,-68.12469482421875,grab,21,2025-11-18T11:49:59.312561,my_hand_data\videos\grab_seq21_20251118_114955_658448.avi,89.7759887083643,360,90,HIGH,VIDEO_RECORDING,2025-11-18T11:49:59.738280
2025-11-18 11:49:59.337497,329,69,HandType.Left,0.5360058546066284,-155.19979858398438,185.78323364257812,-58.43865203857422,-0.23026694357395172,-0.9691036343574524,0.08840398490428925,-5.047077178955078,4.441318988800049,-5.414803504943848,0.21628189086914062,0.4642762243747711,47.9688835144043,0,0,1,1,0,-152.87425231933594,124.74683380126953,-57.37678527832031,-106.66615295410156,131.7854766845703,-68.16023254394531,grab,21,2025-11-18T11:49:59.337497,my_hand_data\videos\grab_seq21_20251118_114955_658448.avi,89.7759887083643,360,90,HIGH,VIDEO_RECORDING,2025-11-18T11:49:59.738280
2025-11-18 11:49:59.343542,330,69,HandType.Left,0.5345479249954224,-155.23675537109375,185.7788848876953,-58.495018005371094,-0.22996115684509277,-0.9692196249961853,0.08792735636234283,-3.4284276962280273,-0.40301069617271423,-5.2274250984191895,0.21714265644550323,0.4637124240398407,47.8492431640625,0,0,1,1,0,-152.8674774169922,124.7363510131836,-57.427589416503906,-106.7759780883789,131.76699829101562,-68.1836929321289,grab,21,2025-11-18T11:49:59.343542,my_hand_data\videos\grab_seq21_20251118_114955_658448.avi,89.7759887083643,360,90,HIGH,VIDEO_RECORDING,2025-11-18T11:49:59.738280
2025-11-18 11:49:59.355219,331,69,HandType.Left,0.5348756313323975,-155.2379150390625,185.7760009765625,-58.54645538330078,-0.22996185719966888,-0.9692133665084839,0.08799440413713455,-0.09805703908205032,-0.2463161200284958,-4.388203144073486,0.2180681675672531,0.46384724974632263,47.80944061279297,0,0,1,1,0,-152.8826904296875,124.71432495117188,-57.45428466796875,-106.81915283203125,131.7362823486328,-68.15872955322266,grab,21,2025-11-18T11:49:59.355219,my_hand_data\videos\grab_seq21_20251118_114955_658448.avi,89.7759887083643,360,90,HIGH,VIDEO_RECORDING,2025-11-18T11:49:59.738280
2025-11-18 11:49:59.369075,332,69,HandType.Left,0.5345441699028015,-155.14158630371094,185.72328186035156,-58.55564880371094,-0.22999273240566254,-0.9692169427871704,0.08787424862384796,8.933879852294922,-4.889333248138428,-0.852924644947052,0.21922507882118225,0.4623713791370392,47.653648376464844,0,0,1,1,0,-152.79347229003906,124.62874603271484,-57.41653823852539,-106.87598419189453,131.63169860839844,-68.06609344482422,grab,21,2025-11-18T11:49:59.369075,my_hand_data\videos\grab_seq21_20251118_114955_658448.avi,89.7759887083643,360,90,HIGH,VIDEO_RECORDING,2025-11-18T11:49:59.738280
2025-11-18 11:49:59.369075,333,69,HandType.Left,0.5333299040794373,-155.0271453857422,185.7047882080078,-58.58315658569336,-0.23008833825588226,-0.9692139029502869,0.08765687793493271,10.296297073364258,-1.663094401359558,-2.4746286869049072,0.22046470642089844,0.46037790179252625,47.44620895385742,0,0,1,1,0,-152.6583709716797,124.6084976196289,-57.41265106201172,-106.93449401855469,131.5457763671875,-68.01189422607422,grab,21,2025-11-18T11:49:59.369075,my_hand_data\videos\grab_seq21_20251118_114955_658448.avi,89.7759887083643,360,90,HIGH,VIDEO_RECORDING,2025-11-18T11:49:59.738280
2025-11-18 11:49:59.401058,334,69,HandType.Left,0.5313413739204407,-154.8318634033203,185.7542724609375,-58.63942337036133,-0.2304861694574356,-0.9691802859306335,0.08698120713233948,8.193144798278809,3.029019832611084,-2.4074368476867676,0.22388191521167755,0.45631739497184753,46.95579528808594,0,0,1,1,0,-152.45896911621094,124.67796325683594,-57.425559997558594,-107.14661407470703,131.3065948486328,-67.8033447265625,grab,21,2025-11-18T11:49:59.401058,my_hand_data\videos\grab_seq21_20251118_114955_658448.avi,89.7759887083643,360,90,HIGH,VIDEO_RECORDING,2025-11-18T11:49:59.738280
2025-11-18 11:49:59.404251,335,69,HandType.Left,0.5313413739204407,-154.8318634033203,185.7542724609375,-58.63942337036133,-0.2304861694574356,-0.9691802859306335,0.08698120713233948,8.193144798278809,3.029019832611084,-2.4074368476867676,0.22388191521167755,0.45631739497184753,46.95579528808594,0,0,1,1,0,-152.45896911621094,124.67796325683594,-57.425559997558594,-107.14661407470703,131.3065948486328,-67.8033447265625,grab,21,2025-11-18T11:49:59.404251,my_hand_data\videos\grab_seq21_20251118_114955_658448.avi,89.7759887083643,360,90,HIGH,VIDEO_RECORDING,2025-11-18T11:49:59.738280
2025-11-18 11:49:59.412513,336,69,HandType.Left,0.5295522212982178,-154.77890014648438,185.8368377685547,-58.64080810546875,-0.23064105212688446,-0.9692045450210571,0.08629728853702545,4.645326137542725,7.241268634796143,-0.12114475667476654,0.225468710064888,0.4550640285015106,46.78466796875,0,0,1,1,0,-152.37767028808594,124.77775573730469,-57.425140380859375,-107.21195983886719,131.28623962402344,-67.74518585205078,grab,21,2025-11-18T11:49:59.412513,my_hand_data\videos\grab_seq21_20251118_114955_658448.avi,89.7759887083643,360,90,HIGH,VIDEO_RECORDING,2025-11-18T11:49:59.738280
2025-11-18 11:49:59.416958,337,69,HandType.Left,0.529236912727356,-154.7841033935547,185.88754272460938,-58.6412239074707,-0.23028069734573364,-0.9693740010261536,0.08535131067037582,-0.47281596064567566,4.609142303466797,-0.037772033363580704,0.2259722799062729,0.4508662521839142,46.410037994384766,0,0,1,1,0,-152.27476501464844,124.86080932617188,-57.42427062988281,-107.45716094970703,131.2367401123047,-67.65274047851562,grab,21,2025-11-18T11:49:59.416958,my_hand_data\videos\grab_seq21_20251118_114955_658448.avi,89.7759887083643,360,90,HIGH,VIDEO_RECORDING,2025-11-18T11:49:59.738280
2025-11-18 11:49:59.432891,338,69,HandType.Left,0.5288435220718384,-154.8475799560547,185.9309844970703,-58.662601470947266,-0.23021715879440308,-0.9694244861602783,0.0849480852484703,-5.818175792694092,3.9804720878601074,-1.959357738494873,0.22655709087848663,0.4452918469905853,46.14019012451172,0,0,1,1,0,-152.2552490234375,124.89019775390625,-57.327938079833984,-107.67361450195312,131.15817260742188,-67.4327621459961,grab,21,2025-11-18T11:49:59.432891,my_hand_data\videos\grab_seq21_20251118_114955_658448.avi,89.7759887083643,360,90,HIGH,VIDEO_RECORDING,2025-11-18T11:49:59.738280
2025-11-18 11:49:59.448568,339,69,HandType.Left,0.529477059841156,-154.94830322265625,185.96539306640625,-58.654579162597656,-0.23017475008964539,-0.9694473147392273,0.08480233699083328,-8.943164825439453,3.0555129051208496,0.7122873067855835,0.22723259031772614,0.444333016872406,46.00213623046875,0,0,1,1,0,-152.2759246826172,124.93987274169922,-57.27050018310547,-107.81304168701172,131.13487243652344,-67.3139419555664,grab,21,2025-11-18T11:49:59.448568,my_hand_data\videos\grab_seq21_20251118_114955_658448.avi,89.7759887083643,360,90,HIGH,VIDEO_RECORDING,2025-11-18T11:49:59.738280
2025-11-18 11:49:59.455106,340,69,HandType.Left,0.5300822257995605,-155.07322692871094,185.9601593017578,-58.6480712890625,-0.23013238608837128,-0.9694504141807556,0.08488219976425171,-11.29055404663086,-0.4723592698574066,0.5881887674331665,0.2274356633424759,0.4446468651294708,45.856658935546875,0,0,1,1,0,-152.3079833984375,124.96502685546875,-57.243019104003906,-107.94432067871094,131.0647735595703,-67.11680603027344,grab,21,2025-11-18T11:49:59.455106,my_hand_data\videos\grab_seq21_20251118_114955_658448.avi,89.7759887083643,360,90,HIGH,VIDEO_RECORDING,2025-11-18T11:49:59.738280
2025-11-18 11:49:59.464652,341,69,HandType.Left,0.530434787273407,-155.13182067871094,185.95639038085938,-58.6483154296875,-0.2300947606563568,-0.9694694876670837,0.08476616442203522,-5.185579776763916,-0.3339932858943939,-0.021399855613708496,0.22792315483093262,0.4435373544692993,45.69746017456055,0,0,1,1,0,-152.35842895507812,124.96388244628906,-57.23420715332031,-108.11369323730469,130.99703979492188,-66.94308471679688,grab,21,2025-11-18T11:49:59.464652,my_hand_data\videos\grab_seq21_20251118_114955_658448.avi,89.7759887083643,360,90,HIGH,VIDEO_RECORDING,2025-11-18T11:49:59.738280
2025-11-18 11:49:59.480806,342,69,HandType.Left,0.5295630097389221,-155.13499450683594,185.97354125976562,-58.62795639038086,-0.22965948283672333,-0.9696047306060791,0.0843987911939621,-0.2900155186653137,1.567395567893982,1.8606981039047241,0.2284967005252838,0.43984854221343994,45.4913444519043,0,0,1,1,0,-152.3680419921875,124.96794128417969,-57.20509719848633,-108.29972076416016,130.95030212402344,-66.77886199951172,grab,21,2025-11-18T11:49:59.480806,my_hand_data\videos\grab_seq21_20251118_114955_658448.avi,89.7759887083643,360,90,HIGH,VIDEO_RECORDING,2025-11-18T11:49:59.738280
2025-11-18 11:49:59.480806,343,69,HandType.Left,0.529312789440155,-155.1552276611328,186.0150604248047,-58.603946685791016,-0.22945570945739746,-0.9696707129478455,0.08419504016637802,-1.8547413349151611,3.8065528869628906,2.2015345096588135,0.22827793657779694,0.4362328350543976,45.34986114501953,0,0,1,1,0,-152.3455810546875,125.00542449951172,-57.15576171875,-108.4070816040039,130.93551635742188,-66.6874008178711,grab,21,2025-11-18T11:49:59.480806,my_hand_data\videos\grab_seq21_20251118_114955_658448.avi,89.7759887083643,360,90,HIGH,VIDEO_RECORDING,2025-11-18T11:49:59.738280
2025-11-18 11:49:59.496932,344,69,HandType.Left,0.5277278423309326,-155.1627655029297,186.04270935058594,-58.59609603881836,-0.22916057705879211,-0.9697646498680115,0.08391633629798889,-0.6455112099647522,2.366389751434326,0.6716418862342834,0.2284414917230606,0.43237507343292236,45.17369842529297,0,0,1,1,0,-152.30618286132812,125.03359985351562,-57.11989974975586,-108.53205871582031,130.9346923828125,-66.58911895751953,grab,21,2025-11-18T11:49:59.496932,my_hand_data\videos\grab_seq21_20251118_114955_658448.avi,89.7759887083643,360,90,HIGH,VIDEO_RECORDING,2025-11-18T11:49:59.738280
2025-11-18 11:49:59.512444,345,69,HandType.Left,0.5251759886741638,-155.144287109375,186.07723999023438,-58.59286880493164,-0.22924138605594635,-0.9697827100753784,0.08348581939935684,1.7547129392623901,3.277865409851074,0.3065530061721802,0.2283116728067398,0.4270625412464142,45.04106903076172,0,0,1,1,0,-152.2796630859375,125.0548095703125,-57.090797424316406,-108.6357421875,130.93063354492188,-66.54493713378906,grab,21,2025-11-18T11:49:59.512444,my_hand_data\videos\grab_seq21_20251118_114955_658448.avi,89.7759887083643,360,90,HIGH,VIDEO_RECORDING,2025-11-18T11:49:59.738280
2025-11-18 11:49:59.528508,346,69,HandType.Left,0.5207666158676147,-155.09080505371094,186.1593780517578,-58.572784423828125,-0.22984184324741364,-0.9698154330253601,0.08142919093370438,2.8386054039001465,3.7516374588012695,-0.6489890813827515,0.228712797164917,0.41567355394363403,44.71138381958008,0,0,1,1,0,-152.1984100341797,125.14248657226562,-57.03904724121094,-108.86600494384766,130.89212036132812,-66.43863677978516,grab,21,2025-11-18T11:49:59.528508,my_hand_data\videos\grab_seq21_20251118_114955_658448.avi,89.7759887083643,360,90,HIGH,VIDEO_RECORDING,2025-11-18T11:49:59.738280
2025-11-18 11:49:59.530622,347,69,HandType.Left,0.5207666158676147,-155.09080505371094,186.1593780517578,-58.572784423828125,-0.22984184324741364,-0.9698154330253601,0.08142919093370438,2.8386054039001465,3.7516374588012695,-0.6489890813827515,0.228712797164917,0.41567355394363403,44.71138381958008,0,0,1,1,0,-152.1984100341797,125.14248657226562,-57.03904724121094,-108.86600494384766,130.89212036132812,-66.43863677978516,grab,21,2025-11-18T11:49:59.530622,my_hand_data\videos\grab_seq21_20251118_114955_658448.avi,89.7759887083643,360,90,HIGH,VIDEO_RECORDING,2025-11-18T11:49:59.738280
2025-11-18 11:49:59.544331,348,69,HandType.Left,0.5198244452476501,-155.06716918945312,186.20008850097656,-58.592529296875,-0.22986266016960144,-0.9699339866638184,0.0799451544880867,2.0918326377868652,3.601795196533203,-1.7474820613861084,0.2306169718503952,0.4113636612892151,44.42376708984375,0,0,1,1,0,-152.15042114257812,125.1998519897461,-57.03483963012695,-109.09211730957031,130.859375,-66.3848876953125,grab,21,2025-11-18T11:49:59.544331,my_hand_data\videos\grab_seq21_20251118_114955_658448.avi,89.7759887083643,360,90,HIGH,VIDEO_RECORDING,2025-11-18T11:49:59.738280
2025-11-18 11:49:59.560163,349,69,HandType.Left,0.518767774105072,-155.0588836669922,186.23313903808594,-58.6158561706543,-0.23023833334445953,-0.9699360728263855,0.07883110642433167,0.754440188407898,3.0103938579559326,-2.1241509914398193,0.2326967865228653,0.4038392901420593,44.14229202270508,0,0,1,1,0,-152.10269165039062,125.22563171386719,-56.98420333862305,-109.30824279785156,130.75497436523438,-66.29029846191406,grab,21,2025-11-18T11:49:59.560163,my_hand_data\videos\grab_seq21_20251118_114955_658448.avi,89.7759887083643,360,90,HIGH,VIDEO_RECORDING,2025-11-18T11:49:59.738280
2025-11-18 11:49:59.567104,350,69,HandType.Left,0.5175341963768005,-155.05596923828125,186.22950744628906,-58.64704513549805,-0.23039740324020386,-0.969970166683197,0.07794196158647537,0.2637314796447754,-0.3286776542663574,-2.8234660625457764,0.23489098250865936,0.39917171001434326,43.77134704589844,0,0,1,1,0,-151.9824981689453,125.23663330078125,-56.974735260009766,-109.52346801757812,130.63302612304688,-66.14208984375,grab,21,2025-11-18T11:49:59.567104,my_hand_data\videos\grab_seq21_20251118_114955_658448.avi,89.7759887083643,360,90,HIGH,VIDEO_RECORDING,2025-11-18T11:49:59.738280
2025-11-18 11:49:59.576136,351,69,HandType.Left,0.5169892907142639,-155.04249572753906,186.2156982421875,-58.67961120605469,-0.23075567185878754,-0.9699310660362244,0.07736606895923615,1.1832748651504517,-1.2126885652542114,-2.8590102195739746,0.23549345135688782,0.406558096408844,43.436336517333984,0,0,1,1,0,-151.89694213867188,125.24482727050781,-56.9576416015625,-109.76593780517578,130.53501892089844,-66.10682678222656,grab,21,2025-11-18T11:49:59.576136,my_hand_data\videos\grab_seq21_20251118_114955_658448.avi,89.7759887083643,360,90,HIGH,VIDEO_RECORDING,2025-11-18T11:49:59.738280
2025-11-18 11:49:59.591972,352,69,HandType.Left,0.516446590423584,-155.0230712890625,186.16403198242188,-58.69435501098633,-0.23110473155975342,-0.9698935151100159,0.07679305970668793,1.8003840446472168,-4.7913594245910645,-1.3672540187835693,0.23629656434059143,0.412916362285614,43.197391510009766,0,0,1,1,0,-151.81678771972656,125.28288269042969,-56.9813232421875,-109.887451171875,130.4263916015625,-66.00848388671875,grab,21,2025-11-18T11:49:59.591972,my_hand_data\videos\grab_seq21_20251118_114955_658448.avi,89.7759887083643,360,90,HIGH,VIDEO_RECORDING,2025-11-18T11:49:59.738280
2025-11-18 11:49:59.591972,353,69,HandType.Left,0.5159270167350769,-155.0365447998047,186.12301635742188,-58.689247131347656,-0.2313431203365326,-0.9698585867881775,0.07651574164628983,-1.2361571788787842,-3.7622756958007812,0.46862754225730896,0.23614802956581116,0.41544976830482483,43.10142517089844,0,0,1,1,0,-151.79379272460938,125.28480529785156,-56.97616958618164,-109.94874572753906,130.38250732421875,-65.96161651611328,grab,21,2025-11-18T11:49:59.591972,my_hand_data\videos\grab_seq21_20251118_114955_658448.avi,89.7759887083643,360,90,HIGH,VIDEO_RECORDING,2025-11-18T11:49:59.738280
2025-11-18 11:49:59.607622,354,69,HandType.Left,0.515712559223175,-155.0655975341797,186.11524963378906,-58.6683464050293,-0.23173651099205017,-0.9697996377944946,0.07607121765613556,-2.476011276245117,-0.6616529822349548,1.7818740606307983,0.2365453690290451,0.41705191135406494,43.041343688964844,0,0,1,1,0,-151.82716369628906,125.31715393066406,-56.96661376953125,-110.03675842285156,130.38400268554688,-65.93579864501953,grab,21,2025-11-18T11:49:59.607622,my_hand_data\videos\grab_seq21_20251118_114955_658448.avi,89.7759887083643,360,90,HIGH,VIDEO_RECORDING,2025-11-18T11:49:59.738280
2025-11-18 11:49:59.623719,355,69,HandType.Left,0.5162796378135681,-155.06985473632812,186.1060028076172,-58.6543083190918,-0.23209622502326965,-0.9697253108024597,0.0759219154715538,-0.38249847292900085,-0.8319722414016724,1.2618727684020996,0.23717348277568817,0.4178132712841034,43.01347351074219,0,0,1,1,0,-151.84197998046875,125.32022857666016,-56.95699691772461,-110.07856750488281,130.37527465820312,-65.92487335205078,grab,21,2025-11-18T11:49:59.623719,my_hand_data\videos\grab_seq21_20251118_114955_658448.avi,89.7759887083643,360,90,HIGH,VIDEO_RECORDING,2025-11-18T11:49:59.738280
2025-11-18 11:49:59.639870,356,69,HandType.Left,0.5166215896606445,-155.02650451660156,186.08062744140625,-58.62459182739258,-0.23247043788433075,-0.9696414470672607,0.07584822177886963,3.219857931137085,-2.2415921688079834,0.568401038646698,0.2386234700679779,0.4198489785194397,42.93696594238281,0,0,1,1,0,-151.82769775390625,125.30095672607422,-56.95954132080078,-110.12522888183594,130.33200073242188,-65.85762023925781,grab,21,2025-11-18T11:49:59.639870,my_hand_data\videos\grab_seq21_20251118_114955_658448.avi,89.7759887083643,360,90,HIGH,VIDEO_RECORDING,2025-11-18T11:49:59.738280
2025-11-18 11:49:59.645338,357,69,HandType.Left,0.5166215896606445,-155.02650451660156,186.08062744140625,-58.62459182739258,-0.23247043788433075,-0.9696414470672607,0.07584822177886963,3.219857931137085,-2.2415921688079834,0.568401038646698,0.2386234700679779,0.4198489785194397,42.93696594238281,0,0,1,1,0,-151.82769775390625,125.30095672607422,-56.95954132080078,-110.12522888183594,130.33200073242188,-65.85762023925781,grab,21,2025-11-18T11:49:59.645338,my_hand_data\videos\grab_seq21_20251118_114955_658448.avi,89.7759887083643,360,90,HIGH,VIDEO_RECORDING,2025-11-18T11:49:59.738280
2025-11-18 11:49:59.655608,358,69,HandType.Left,0.5164368748664856,-155.02549743652344,186.07254028320312,-58.604957580566406,-0.2322341352701187,-0.9696971774101257,0.07585941255092621,0.09132885932922363,-0.7314781546592712,1.7757622003555298,0.2388199120759964,0.42204520106315613,42.85577392578125,0,0,1,1,0,-151.78936767578125,125.29346466064453,-56.949798583984375,-110.16495513916016,130.31690979003906,-65.82620239257812,grab,21,2025-11-18T11:49:59.655608,my_hand_data\videos\grab_seq21_20251118_114955_658448.avi,89.7759887083643,360,90,HIGH,VIDEO_RECORDING,2025-11-18T11:49:59.738280
2025-11-18 11:49:59.671074,359,69,HandType.Left,0.517340898513794,-155.05459594726562,186.0897216796875,-58.570106506347656,-0.2318195104598999,-0.9697843790054321,0.07601283490657806,-2.5418763160705566,1.5015302896499634,3.0450220108032227,0.24018611013889313,0.42430418729782104,42.773868560791016,0,0,1,1,0,-151.8014678955078,125.30281829833984,-56.89203643798828,-110.25188446044922,130.3289794921875,-65.72229766845703,grab,21,2025-11-18T11:49:59.671074,my_hand_data\videos\grab_seq21_20251118_114955_658448.avi,89.7759887083643,360,90,HIGH,VIDEO_RECORDING,2025-11-18T11:49:59.738280
2025-11-18 11:49:59.676638,360,69,HandType.Left,0.5173825025558472,-155.04202270507812,186.09420776367188,-58.52777862548828,-0.23137612640857697,-0.9699294567108154,0.07551151514053345,1.1485471725463867,0.410068154335022,3.866743326187134,0.24160829186439514,0.4254409670829773,42.730873107910156,0,0,1,1,0,-151.77745056152344,125.3066177368164,-56.84986114501953,-110.26566314697266,130.33631896972656,-65.64765167236328,grab,21,2025-11-18T11:49:59.676638,my_hand_data\videos\grab_seq21_20251118_114955_658448.avi,89.7759887083643,360,90,HIGH,VIDEO_RECORDING,2025-11-18T11:49:59.738280
